pincode,,,
380058,,,
380026,,,
380007,,,
380016,,,
380024,,,
382427,,,
380015,,,
380009,,,
382210,,,
382430,,,
382425,,,
380022,,,
380028,,,
382433,,,
382330,,,
380054,,,
380004,,,
382424,,,
380019,,,
380001,,,
380008,,,
380003,,,
382435,,,
380006,,,
380027,,,
380061,,,
380050,,,
380021,,,
382405,,,
382445,,,
382443,,,
380051,,,
380055,,,
380005,,,
382350,,,
382345,,,
382340,,,
380052,,,
380002,,,
380013,,,
380014,,,
380049,,,
382415,,,
380023,,,
382480,,,
380018,,,
382475,,,
380063,,,
382418,,,
382120,,,
382220,,,
382460,,,
382250,,,
382225,,,
382463,,,
382115,,,
382230,,,
382150,,,
382140,,,
382260,,,
382240,,,
382145,,,
382455,,,
380060,,,
382465,,,
382481,,,
382213,,,
382110,,,
382130,,,
382315,,,
382470,,,
382265,,,
382449,,,
382835,,,
380059,,,
414002,,,
414001,,,
414005,,,
414701,,,
414502,,,
414102,,,
414305,,,
414402,,,
414505,,,
414301,,,
413201,,,
413702,,,
414401,,,
413703,,,
414302,,,
414006,,,
414504,,,
414403,,,
413205,,,
414113,,,
414103,,,
413728,,,
414201,,,
414503,,,
414105,,,
414606,,,
414106,,,
414111,,,
414306,,,
413704,,,
414501,,,
414304,,,
413204,,,
414303,,,
414607,,,
414101,,,
414601,,,
414602,,,
413726,,,
414110,,,
414003,,,
422601,,,
422620,,,
422610,,,
422605,,,
413715,,,
413705,,,
413714,,,
413738,,,
423107,,,
413737,,,
422602,,,
422604,,,
413725,,,
414603,,,
413739,,,
414609,,,
414605,,,
413721,,,
413708,,,
423601,,,
413723,,,
423604,,,
413706,,,
413710,,,
422611,,,
413736,,,
423603,,,
414604,,,
413716,,,
423607,,,
422603,,,
413719,,,
413709,,,
413718,,,
422622,,,
423605,,,
413717,,,
413720,,,
423602,,,
423109,,,
413712,,,
413713,,,
422608,,,
413722,,,
413707,,,
413711,,,
305002,,,
305801,,,
305003,,,
305005,,,
305001,,,
305813,,,
305819,,,
305206,,,
305811,,,
305004,,,
305025,,,
305814,,,
305022,,,
305023,,,
305205,,,
305812,,,
305817,,,
305802,,,
305007,,,
305012,,,
305021,,,
305815,,,
305024,,,
305009,,,
305816,,,
305404,,,
305207,,,
305405,,,
305922,,,
305901,,,
305203,,,
305601,,,
305926,,,
305925,,,
305624,,,
305415,,,
305401,,,
305407,,,
305621,,,
305628,,,
305412,,,
305630,,,
305403,,,
305622,,,
305408,,,
305204,,,
305629,,,
305631,,,
305623,,,
305927,,,
305202,,,
305201,,,
305625,,,
305406,,,
305402,,,
305627,,,
305923,,,
305924,,,
444126,,,
444108,,,
444006,,,
444002,,,
444001,,,
444101,,,
444401,,,
444511,,,
444107,,,
444311,,,
444102,,,
444003,,,
444501,,,
444104,,,
444302,,,
444117,,,
444106,,,
444407,,,
444004,,,
444103,,,
444111,,,
444502,,,
444109,,,
444005,,,
444405,,,
301401,,,
301035,,,
301027,,,
301024,,,
301001,,,
301703,,,
301405,,,
301412,,,
301026,,,
301713,,,
321605,,,
301403,,,
301411,,,
301028,,,
301030,,,
301414,,,
301404,,,
301701,,,
301714,,,
301406,,,
301410,,,
301408,,,
301407,,,
301402,,,
301413,,,
321607,,,
301021,,,
301020,,,
301709,,,
321633,,,
301025,,,
301702,,,
301409,,,
301022,,,
301019,,,
301707,,,
301427,,,
301415,,,
301023,,,
301706,,,
301704,,,
321606,,,
301604,,,
301705,,,
301018,,,
301708,,,
301002,,,
301416,,,
133205,,,
134203,,,
133202,,,
134003,,,
133001,,,
133005,,,
134007,,,
134008,,,
133004,,,
133201,,,
134202,,,
134201,,,
133101,,,
133102,,,
133010,,,
133203,,,
134204,,,
133006,,,
134005,,,
133104,,,
133207,,,
133008,,,
388305,,,
388130,,,
388210,,,
388310,,,
388360,,,
388543,,,
388307,,,
388001,,,
388110,,,
388510,,,
388205,,,
388315,,,
388520,,,
388220,,,
388320,,,
388530,,,
388540,,,
387310,,,
388560,,,
388365,,,
388345,,,
388370,,,
388325,,,
388545,,,
388350,,,
388330,,,
388215,,,
388335,,,
388340,,,
388355,,,
388306,,,
388120,,,
388121,,,
388150,,,
824221,,,
824143,,,
824203,,,
824113,,,
824103,,,
824211,,,
824220,,,
824111,,,
824124,,,
824115,,,
824303,,,
824123,,,
824120,,,
824202,,,
824125,,,
824101,,,
824301,,,
824302,,,
824122,,,
824114,,,
824112,,,
824129,,,
824127,,,
824208,,,
824121,,,
824102,,,
804401,,,
431104,,,
431007,,,
431008,,,
431121,,,
431110,,,
431118,,,
431117,,,
423701,,,
431134,,,
431103,,,
431133,,,
431113,,,
431151,,,
431107,,,
431002,,,
431001,,,
431005,,,
431115,,,
431120,,,
431136,,,
431105,,,
431116,,,
431135,,,
431004,,,
431154,,,
423703,,,
431137,,,
431152,,,
431102,,,
431006,,,
431147,,,
431003,,,
431111,,,
423702,,,
431101,,,
431109,,,
431009,,,
431148,,,
431011,,,
431010,,,
431807,,,
560001,,,
560063,,,
560007,,,
560092,,,
560024,,,
560045,,,
560064,,,
560047,,,
560043,,,
560103,,,
560300,,,
560046,,,
560049,,,
560093,,,
560025,,,
560117,,,
560036,,,
560077,,,
560037,,,
560071,,,
560016,,,
560066,,,
560005,,,
560065,,,
560087,,,
560008,,,
560051,,,
560048,,,
560113,,,
560038,,,
560094,,,
560006,,,
560075,,,
560067,,,
560115,,,
560084,,,
560033,,,
560017,,,
560032,,,
560080,,,
560042,,,
560030,,,
560034,,,
560108,,,
560050,,,
560070,,,
560085,,,
560076,,,
560083,,,
560004,,,
560114,,,
560002,,,
560056,,,
560116,,,
560068,,,
560099,,,
560035,,,
560018,,,
560081,,,
560098,,,
560053,,,
560061,,,
560060,,,
560500,,,
560026,,,
560029,,,
560062,,,
560100,,,
560105,,,
560102,,,
560078,,,
560041,,,
560011,,,
560095,,,
560111,,,
560074,,,
560059,,,
560027,,,
560109,,,
560082,,,
560110,,,
560107,,,
560073,,,
560091,,,
560079,,,
560009,,,
560089,,,
560040,,,
560090,,,
560021,,,
560104,,,
560088,,,
560010,,,
560013,,,
560015,,,
560112,,,
560058,,,
560023,,,
560086,,,
560003,,,
560055,,,
560054,,,
560072,,,
560096,,,
560057,,,
560012,,,
560020,,,
560097,,,
560022,,,
562110,,,
562162,,,
562106,,,
561203,,,
562163,,,
562123,,,
562111,,,
561204,,,
562107,,,
562164,,,
562149,,,
562122,,,
562129,,,
562157,,,
562135,,,
562130,,,
562132,,,
562114,,,
562125,,,
561205,,,
311402,,,
311022,,,
311204,,,
311603,,,
311026,,,
311025,,,
311605,,,
311804,,,
311201,,,
311801,,,
311404,,,
311011,,,
311602,,,
311023,,,
311301,,,
311802,,,
311001,,,
311401,,,
311021,,,
311302,,,
311202,,,
311203,,,
311604,,,
311408,,,
311024,,,
311403,,,
311030,,,
311803,,,
311601,,,
311606,,,
311805,,,
311407,,,
311806,,,
127307,,,
127309,,,
127308,,,
127030,,,
127026,,,
127025,,,
127310,,,
127031,,,
127312,,,
127111,,,
127032,,,
127114,,,
127201,,,
127045,,,
127028,,,
127041,,,
127043,,,
127021,,,
127035,,,
127046,,,
127029,,,
127022,,,
127027,,,
127040,,,
127306,,,
127311,,,
127042,,,
462031,,,
462020,,,
462030,,,
462042,,,
462022,,,
464993,,,
462027,,,
462038,,,
462041,,,
462043,,,
462047,,,
463106,,,
462010,,,
462045,,,
462101,,,
462044,,,
462008,,,
463111,,,
462026,,,
462001,,,
462120,,,
462003,,,
462036,,,
462023,,,
462024,,,
462040,,,
462066,,,
462004,,,
462016,,,
462100,,,
462037,,,
462002,,,
462033,,,
462011,,,
462039,,,
751026,,,
751001,,,
752103,,,
752021,,,
751022,,,
751020,,,
751019,,,
752060,,,
751003,,,
752054,,,
752030,,,
752031,,,
752066,,,
752064,,,
752050,,,
751009,,,
752102,,,
752035,,,
751014,,,
752061,,,
751018,,,
752023,,,
752057,,,
752019,,,
752100,,,
752101,,,
752056,,,
751002,,,
752034,,,
752027,,,
752062,,,
752115,,,
754012,,,
752020,,,
752038,,,
752018,,,
751006,,,
751011,,,
751016,,,
751025,,,
751015,,,
751027,,,
752022,,,
751024,,,
751030,,,
752055,,,
751029,,,
751017,,,
752037,,,
751012,,,
751031,,,
751008,,,
751010,,,
751013,,,
751023,,,
751007,,,
751021,,,
751005,,,
751028,,,
751004,,,
160003,,,
160004,,,
160017,,,
160002,,,
160025,,,
160101,,,
160102,,,
160001,,,
160011,,,
160012,,,
160014,,,
160015,,,
160018,,,
160019,,,
160020,,,
160022,,,
160023,,,
160030,,,
160036,,,
160047,,,
160009,,,
160005,,,
160016,,,
600002,,,
600005,,,
600094,,,
600006,,,
600086,,,
600017,,,
600014,,,
600034,,,
600004,,,
600018,,,
600030,,,
600102,,,
600040,,,
600101,,,
600106,,,
600023,,,
600031,,,
600008,,,
600001,,,
600084,,,
600009,,,
600082,,,
600104,,,
600038,,,
600010,,,
600107,,,
600003,,,
600012,,,
600011,,,
600013,,,
600081,,,
600007,,,
600039,,,
600021,,,
600020,,,
600083,,,
600090,,,
600032,,,
600025,,,
600015,,,
600036,,,
600078,,,
600024,,,
600085,,,
600033,,,
600035,,,
600028,,,
600022,,,
600093,,,
600113,,,
600026,,,
600042,,,
600092,,,
600099,,,
312022,,,
312203,,,
312622,,,
312024,,,
312027,,,
312205,,,
312404,,,
323303,,,
312402,,,
312620,,,
312612,,,
312602,,,
312601,,,
323307,,,
312401,,,
312023,,,
312614,,,
312207,,,
312606,,,
312616,,,
312403,,,
312021,,,
312901,,,
312206,,,
312603,,,
323304,,,
312204,,,
312613,,,
312025,,,
312001,,,
312201,,,
312617,,,
323306,,,
323305,,,
312627,,,
641110,,,
641101,,,
641112,,,
641108,,,
641032,,,
641046,,,
641019,,,
641105,,,
641018,,,
641201,,,
641049,,,
641014,,,
641001,,,
641021,,,
641008,,,
641109,,,
641016,,,
641025,,,
641006,,,
641004,,,
641012,,,
641107,,,
641029,,,
641013,,,
641047,,,
641022,,,
641114,,,
641010,,,
641048,,,
641030,,,
641035,,,
641026,,,
641023,,,
641042,,,
641045,,,
641038,,,
641003,,,
641050,,,
641062,,,
641020,,,
641036,,,
641031,,,
641033,,,
641028,,,
641017,,,
641037,,,
641041,,,
641009,,,
641027,,,
641002,,,
641043,,,
641011,,,
641007,,,
641044,,,
641005,,,
641024,,,
641039,,,
641034,,,
641015,,,
641111,,,
642002,,,
642004,,,
642127,,,
642110,,,
642101,,,
642102,,,
642103,,,
642104,,,
642120,,,
642007,,,
642109,,,
642106,,,
642202,,,
642005,,,
642126,,,
642107,,,
642108,,,
642129,,,
642003,,,
642130,,,
641202,,,
642113,,,
642114,,,
642105,,,
642117,,,
642125,,,
642001,,,
642134,,,
642123,,,
642133,,,
642006,,,
642128,,,
641302,,,
641653,,,
641402,,,
641407,,,
641103,,,
641104,,,
641113,,,
641659,,,
641305,,,
641401,,,
641668,,,
641301,,,
110092,,,
110051,,,
110032,,,
110090,,,
110053,,,
110091,,,
110094,,,
110095,,,
110031,,,
110096,,,
110093,,,
110006,,,
110033,,,
110036,,,
110034,,,
110054,,,
110052,,,
110039,,,
110085,,,
110042,,,
110040,,,
110086,,,
110084,,,
110035,,,
110081,,,
110007,,,
110009,,,
110088,,,
110082,,,
110083,,,
110089,,,
110099,,,
110056,,,
110002,,,
110055,,,
110005,,,
110001,,,
110008,,,
110003,,,
110012,,,
110011,,,
110060,,,
110004,,,
110069,,,
110025,,,
110080,,,
110019,,,
110076,,,
110024,,,
110049,,,
110044,,,
110020,,,
110062,,,
110013,,,
110017,,,
110065,,,
110048,,,
110014,,,
110010,,,
110038,,,
110021,,,
110029,,,
110047,,,
110074,,,
110061,,,
110030,,,
110016,,,
110037,,,
110068,,,
110067,,,
110097,,,
110023,,,
110070,,,
110066,,,
110022,,,
110057,,,
110075,,,
110043,,,
110018,,,
110026,,,
110071,,,
110077,,,
110041,,,
110072,,,
110059,,,
110058,,,
110045,,,
110073,,,
110015,,,
110078,,,
110064,,,
110027,,,
110063,,,
110087,,,
110046,,,
110028,,,
455001,,,
455116,,,
455227,,,
455336,,,
455332,,,
455223,,,
455118,,,
455115,,,
455459,,,
455111,,,
455221,,,
455440,,,
455339,,,
581207,,,
582208,,,
581103,,,
581201,,,
580025,,,
580024,,,
582201,,,
580007,,,
581113,,,
581196,,,
581209,,,
581204,,,
580114,,,
580023,,,
580118,,,
580001,,,
580011,,,
580003,,,
580008,,,
580006,,,
580002,,,
580009,,,
580005,,,
580004,,,
581105,,,
580027,,,
581107,,,
580112,,,
581117,,,
580030,,,
580029,,,
580031,,,
580020,,,
580021,,,
580026,,,
580032,,,
581206,,,
121102,,,
121106,,,
121101,,,
121003,,,
121004,,,
121105,,,
121107,,,
121002,,,
121103,,,
121007,,,
121001,,,
121005,,,
121008,,,
121006,,,
121014,,,
121010,,,
121013,,,
121012,,,
121015,,,
121009,,,
201021,,,
201206,,,
201015,,,
245304,,,
201009,,,
201001,,,
201003,,,
201102,,,
201204,,,
201010,,,
201006,,,
201011,,,
201201,,,
201016,,,
245301,,,
201013,,,
201004,,,
201002,,,
201020,,,
201103,,,
201018,,,
201007,,,
201005,,,
201017,,,
201014,,,
201019,,,
201012,,,
522237,,,
522238,,,
522004,,,
522015,,,
522007,,,
522020,,,
522236,,,
522017,,,
522235,,,
522005,,,
522112,,,
522503,,,
522302,,,
522018,,,
522502,,,
522002,,,
522001,,,
522034,,,
522508,,,
522305,,,
522303,,,
522003,,,
522006,,,
522019,,,
522016,,,
522509,,,
522501,,,
522510,,,
522009,,,
522402,,,
522612,,,
522647,,,
522659,,,
522617,,,
522415,,,
522529,,,
522410,,,
522658,,,
522616,,,
522603,,,
522611,,,
522601,,,
522409,,,
522436,,,
522412,,,
522663,,,
522411,,,
522549,,,
522613,,,
522408,,,
522626,,,
522437,,,
522661,,,
522615,,,
522435,,,
522649,,,
522614,,,
522234,,,
522414,,,
522233,,,
522619,,,
522403,,,
522426,,,
522421,,,
522657,,,
522413,,,
522660,,,
522646,,,
522438,,,
522401,,,
522439,,,
522262,,,
522312,,,
522256,,,
522259,,,
522314,,,
522124,,,
522325,,,
522257,,,
522213,,,
522301,,,
522211,,,
522310,,,
522316,,,
522309,,,
522306,,,
522261,,,
522101,,,
522268,,,
522265,,,
522311,,,
522341,,,
522324,,,
522315,,,
522212,,,
522111,,,
522113,,,
522330,,,
522201,,,
522313,,,
522304,,,
522264,,,
522258,,,
522308,,,
522307,,,
522202,,,
522317,,,
522329,,,
505325,,,
522318,,,
122005,,,
122001,,,
122101,,,
122006,,,
122503,,,
122505,,,
122103,,,
122102,,,
122413,,,
122017,,,
122502,,,
122098,,,
122008,,,
122010,,,
122002,,,
122506,,,
122009,,,
122504,,,
122003,,,
122011,,,
122018,,,
122052,,,
122016,,,
122007,,,
122051,,,
122004,,,
122015,,,
122012,,,
711205,,,
711204,,,
711303,,,
711312,,,
711315,,,
711401,,,
711227,,,
711301,,,
711302,,,
711103,,,
711106,,,
711316,,,
711226,,,
711102,,,
711110,,,
711109,,,
711113,,,
711201,,,
711405,,,
711322,,,
711304,,,
711403,,,
711404,,,
711305,,,
711411,,,
711105,,,
711202,,,
711313,,,
711203,,,
711310,,,
711307,,,
711104,,,
711114,,,
711308,,,
711412,,,
711314,,,
711410,,,
711309,,,
711413,,,
711107,,,
711112,,,
711414,,,
711101,,,
711111,,,
711115,,,
711408,,,
711306,,,
711409,,,
711108,,,
711225,,,
711317,,,
711206,,,
580028,,,
500108,,,
500004,,,
500045,,,
500075,,,
500034,,,
500018,,,
500022,,,
500104,,,
500046,,,
500081,,,
500033,,,
500096,,,
500032,,,
500029,,,
500001,,,
500008,,,
500107,,,
500091,,,
500028,,,
500111,,,
500082,,,
500109,,,
500031,,,
500006,,,
500084,,,
500063,,,
500019,,,
500089,,,
500114,,,
500110,,,
500095,,,
500041,,,
500038,,,
500073,,,
500057,,,
501510,,,
501506,,,
500030,,,
501509,,,
500112,,,
500013,,,
501512,,,
500044,,,
501508,,,
500115,,,
500058,,,
500064,,,
500005,,,
501505,,,
500027,,,
500012,,,
500092,,,
500060,,,
501218,,,
501359,,,
500086,,,
500053,,,
500065,,,
500068,,,
500052,,,
500097,,,
500079,,,
500066,,,
500051,,,
500035,,,
500002,,,
500048,,,
500076,,,
500077,,,
501511,,,
500074,,,
500036,,,
500098,,,
500039,,,
500102,,,
500069,,,
500024,,,
500059,,,
500070,,,
500023,,,
501142,,,
501144,,,
501502,,,
500043,,,
500101,,,
501141,,,
501503,,,
500010,,,
501504,,,
501202,,,
500047,,,
501301,,,
500015,,,
500040,,,
501111,,,
500020,,,
501401,,,
500090,,,
500037,,,
501106,,,
501143,,,
500016,,,
501203,,,
500078,,,
500011,,,
501158,,,
500050,,,
501501,,,
501121,,,
500100,,,
500062,,,
500055,,,
500080,,,
500014,,,
500042,,,
500025,,,
500054,,,
500007,,,
500103,,,
500087,,,
500085,,,
500088,,,
500003,,,
500072,,,
500017,,,
500009,,,
500083,,,
500026,,,
500056,,,
500094,,,
500061,,,
500067,,,
501101,,,
500093,,,
509207,,,
509321,,,
509408,,,
509325,,,
509202,,,
509357,,,
509327,,,
509216,,,
509410,,,
509358,,,
509217,,,
509228,,,
452006,,,
452016,,,
452005,,,
452007,,,
452013,,,
452001,,,
452002,,,
452010,,,
452015,,,
452003,,,
452011,,,
452018,,,
452014,,,
452009,,,
452012,,,
453115,,,
453551,,,
453111,,,
453441,,,
453001,,,
453220,,,
453771,,,
452020,,,
453112,,,
453661,,,
453556,,,
453331,,,
453446,,,
453555,,,
453552,,,
302029,,,
302006,,,
302013,,,
302039,,,
302018,,,
302002,,,
302028,,,
302004,,,
302042,,,
302016,,,
302015,,,
302026,,,
302022,,,
302041,,,
302001,,,
302027,,,
302003,,,
302012,,,
302021,,,
302005,,,
302017,,,
302036,,,
302031,,,
302038,,,
302037,,,
302020,,,
302043,,,
302040,,,
302034,,,
302033,,,
302019,,,
303329,,,
303908,,,
303002,,,
303007,,,
303338,,,
303901,,,
303801,,,
303804,,,
303601,,,
303120,,,
303704,,,
303712,,,
303001,,,
303119,,,
303604,,,
303602,,,
303903,,,
303103,,,
303603,,,
303805,,,
303105,,,
303109,,,
303806,,,
303106,,,
303301,,,
303706,,,
303102,,,
303328,,,
303107,,,
303110,,,
303003,,,
303006,,,
303904,,,
303701,,,
303807,,,
303803,,,
303104,,,
303124,,,
303012,,,
303348,,,
303005,,,
303108,,,
303702,,,
303905,,,
303008,,,
303009,,,
303123,,,
303121,,,
303122,,,
312202,,,
144103,,,
144102,,,
144106,,,
144301,,,
144416,,,
144002,,,
144417,,,
144004,,,
144021,,,
144008,,,
144001,,,
144302,,,
144201,,,
144504,,,
144422,,,
144003,,,
144419,,,
144101,,,
144409,,,
144006,,,
144025,,,
144029,,,
144028,,,
144009,,,
144023,,,
144104,,,
144502,,,
144010,,,
144022,,,
144511,,,
144410,,,
144005,,,
144303,,,
144020,,,
144030,,,
144026,,,
144509,,,
144024,,,
144007,,,
144415,,,
144011,,,
144027,,,
144041,,,
144703,,,
144702,,,
144629,,,
144040,,,
144403,,,
144044,,,
144407,,,
144405,,,
144039,,,
144033,,,
144034,,,
144036,,,
144043,,,
144630,,,
144042,,,
144805,,,
144032,,,
144633,,,
144311,,,
144803,,,
144801,,,
144035,,,
144806,,,
144037,,,
144408,,,
144031,,,
361003,,,
361110,,,
363655,,,
361006,,,
361162,,,
361280,,,
361170,,,
361160,,,
361250,,,
361230,,,
361240,,,
360530,,,
360540,,,
361013,,,
361120,,,
361335,,,
361002,,,
361009,,,
361011,,,
361330,,,
361220,,,
360520,,,
361320,,,
361012,,,
361130,,,
361210,,,
361140,,,
361005,,,
361004,,,
361007,,,
361001,,,
360531,,,
361008,,,
361142,,,
361141,,,
361150,,,
342311,,,
342001,,,
342308,,,
342037,,,
342606,,,
342025,,,
342901,,,
342014,,,
342603,,,
342605,,,
342306,,,
342023,,,
342027,,,
342307,,,
342303,,,
342301,,,
342602,,,
342309,,,
342312,,,
342024,,,
342801,,,
342601,,,
342305,,,
342022,,,
342012,,,
342604,,,
342314,,,
342021,,,
342029,,,
342802,,,
342302,,,
342015,,,
342003,,,
342013,,,
342011,,,
342026,,,
342006,,,
342005,,,
342007,,,
342028,,,
342304,,,
342008,,,
603301,,,
603202,,,
603110,,,
603109,,,
603004,,,
603312,,,
603107,,,
603307,,,
603401,,,
603204,,,
603211,,,
603127,,,
603405,,,
603106,,,
603306,,,
603101,,,
603310,,,
603102,,,
603308,,,
603002,,,
603001,,,
603302,,,
603313,,,
603309,,,
603201,,,
603108,,,
603303,,,
603305,,,
603104,,,
603203,,,
603314,,,
603304,,,
603105,,,
603111,,,
603209,,,
603003,,,
603319,,,
603311,,,
603210,,,
600088,,,
600016,,,
600115,,,
600097,,,
600091,,,
600089,,,
600061,,,
600041,,,
600096,,,
600119,,,
603406,,,
603402,,,
631603,,,
631605,,,
631561,,,
631601,,,
631502,,,
631551,,,
631553,,,
631604,,,
602105,,,
602117,,,
631501,,,
602108,,,
631552,,,
631606,,,
602106,,,
603403,,,
600053,,,
600070,,,
600044,,,
600064,,,
600059,,,
600132,,,
600128,,,
600073,,,
600045,,,
600047,,,
600117,,,
603103,,,
600127,,,
600048,,,
603112,,,
600129,,,
600069,,,
600126,,,
601301,,,
600125,,,
600122,,,
600100,,,
600130,,,
600063,,,
600043,,,
600075,,,
600074,,,
600131,,,
600046,,,
132046,,,
132024,,,
132157,,,
132114,,,
132039,,,
132117,,,
132037,,,
132040,,,
132036,,,
132023,,,
126114,,,
132116,,,
132054,,,
132041,,,
132001,,,
132022,,,
416236,,,
416509,,,
416210,,,
416526,,,
416505,,,
416212,,,
416106,,,
416144,,,
416214,,,
416104,,,
416109,,,
416112,,,
416215,,,
416201,,,
416552,,,
416229,,,
416204,,,
416235,,,
416114,,,
416220,,,
416001,,,
416120,,,
416208,,,
416504,,,
416206,,,
416118,,,
416502,,,
416213,,,
416211,,,
416012,,,
416221,,,
416011,,,
416110,,,
416205,,,
416218,,,
416010,,,
416232,,,
416230,,,
416209,,,
416507,,,
416506,,,
416503,,,
416223,,,
416002,,,
415101,,,
416138,,,
416119,,,
416101,,,
416207,,,
416107,,,
416102,,,
416231,,,
416501,,,
416105,,,
416116,,,
416103,,,
416013,,,
416216,,,
416005,,,
416202,,,
416508,,,
416203,,,
416115,,,
416143,,,
416113,,,
416121,,,
416551,,,
416122,,,
416007,,,
416234,,,
416219,,,
416006,,,
416111,,,
416108,,,
416003,,,
416146,,,
416008,,,
416004,,,
416527,,,
700107,,,
700027,,,
700023,,,
700088,,,
700014,,,
700012,,,
700073,,,
700007,,,
700001,,,
700013,,,
700016,,,
700069,,,
700021,,,
700072,,,
700071,,,
700087,,,
700017,,,
700062,,,
700046,,,
700039,,,
700010,,,
700054,,,
700162,,,
700085,,,
700011,,,
700009,,,
700015,,,
700100,,,
700005,,,
700035,,,
700003,,,
700108,,,
700036,,,
700006,,,
700077,,,
700037,,,
700002,,,
700074,,,
700028,,,
700065,,,
700030,,,
700080,,,
700052,,,
700067,,,
700090,,,
700004,,,
700050,,,
700020,,,
700044,,,
700086,,,
700094,,,
700022,,,
700019,,,
700008,,,
700018,,,
700034,,,
700025,,,
700066,,,
700032,,,
700042,,,
700061,,,
700031,,,
700029,,,
700047,,,
700024,,,
700075,,,
700095,,,
700078,,,
700082,,,
700033,,,
700068,,,
700053,,,
700063,,,
700026,,,
700099,,,
700045,,,
700060,,,
700040,,,
700041,,,
700092,,,
700038,,,
700043,,,
141003,,,
141008,,,
141013,,,
141007,,,
141001,,,
141014,,,
141010,,,
141006,,,
141017,,,
141015,,,
141016,,,
141002,,,
141004,,,
141012,,,
141105,,,
141104,,,
142034,,,
141116,,,
141414,,,
141401,,,
141108,,,
141203,,,
141107,,,
142027,,,
141119,,,
142021,,,
141412,,,
141205,,,
141202,,,
142033,,,
141416,,,
142024,,,
141110,,,
142032,,,
141418,,,
141121,,,
141112,,,
141114,,,
141109,,,
141102,,,
142025,,,
141415,,,
141206,,,
141421,,,
141120,,,
141422,,,
141127,,,
141118,,,
142030,,,
141417,,,
142035,,,
141113,,,
141204,,,
142022,,,
141101,,,
142029,,,
141413,,,
142036,,,
141419,,,
142023,,,
141106,,,
141115,,,
142031,,,
142026,,,
141122,,,
141117,,,
141126,,,
141125,,,
141103,,,
141201,,,
142028,,,
141123,,,
625706,,,
625501,,,
625514,,,
625003,,,
625301,,,
625109,,,
625704,,,
625017,,,
625020,,,
625218,,,
625009,,,
625016,,,
625106,,,
625105,,,
625104,,,
625108,,,
625008,,,
625701,,,
625012,,,
625221,,,
625207,,,
625103,,,
625014,,,
625503,,,
625707,,,
625122,,,
625703,,,
625019,,,
625708,,,
625005,,,
625201,,,
625205,,,
625011,,,
625702,,,
625102,,,
625101,,,
625234,,,
625107,,,
625001,,,
625007,,,
625022,,,
625018,,,
625002,,,
625023,,,
625021,,,
625006,,,
625402,,,
625004,,,
625110,,,
625214,,,
625015,,,
250001,,,
250406,,,
245206,,,
250401,,,
250221,,,
250502,,,
250002,,,
250104,,,
250341,,,
250342,,,
250404,,,
250501,,,
250344,,,
250103,,,
250205,,,
250223,,,
250004,,,
250402,,,
250110,,,
250106,,,
250222,,,
250003,,,
250005,,,
382728,,,
384440,,,
384570,,,
384445,,,
384170,,,
384460,,,
384205,,,
384415,,,
384455,,,
384435,,,
384335,,,
384330,,,
384410,,,
384355,,,
384325,,,
384120,,,
384001,,,
384315,,,
384450,,,
384421,,,
384130,,,
384135,,,
384465,,,
384565,,,
384305,,,
384530,,,
384360,,,
384560,,,
384412,,,
384012,,,
384515,,,
384520,,,
384470,,,
384140,,,
384430,,,
384310,,,
384550,,,
384540,,,
384002,,,
384003,,,
382815,,,
384340,,,
384345,,,
384441,,,
384320,,,
384160,,,
363621,,,
363641,,,
363650,,,
363642,,,
363660,,,
363623,,,
363630,,,
363670,,,
363635,,,
363643,,,
400037,,,
400003,,,
400012,,,
400009,,,
400033,,,
400014,,,
400010,,,
400031,,,
400015,,,
400027,,,
400029,,,
400099,,,
400069,,,
400053,,,
400058,,,
400051,,,
400050,,,
400093,,,
400052,,,
400057,,,
400056,,,
400059,,,
400049,,,
400061,,,
400054,,,
400055,,,
400096,,,
400098,,,
400094,,,
400085,,,
400084,,,
400075,,,
400082,,,
400042,,,
400078,,,
400074,,,
400071,,,
400089,,,
400022,,,
400043,,,
400086,,,
400088,,,
400083,,,
400070,,,
400019,,,
400081,,,
400080,,,
400024,,,
400087,,,
400076,,,
400079,,,
400077,,,
400072,,,
400065,,,
400104,,,
400066,,,
400091,,,
400092,,,
400067,,,
400068,,,
400063,,,
400095,,,
400060,,,
400102,,,
400101,,,
400064,,,
400097,,,
400103,,,
400004,,,
400005,,,
400001,,,
400020,,,
400021,,,
400032,,,
400002,,,
400011,,,
400007,,,
400028,,,
400030,,,
400026,,,
400013,,,
400017,,,
400008,,,
400034,,,
400016,,,
400006,,,
400025,,,
400035,,,
400018,,,
400708,,,
400614,,,
400706,,,
400701,,,
400703,,,
400709,,,
400710,,,
400705,,,
401204,,,
401106,,,
401107,,,
421506,,,
421601,,,
421302,,,
421501,,,
400610,,,
421102,,,
421503,,,
421402,,,
400608,,,
421002,,,
421603,,,
421308,,,
421312,,,
400607,,,
400612,,,
421203,,,
421201,,,
421306,,,
421403,,,
400615,,,
400602,,,
421505,,,
400606,,,
400605,,,
421301,,,
421602,,,
421401,,,
421605,,,
421204,,,
421311,,,
400603,,,
421103,,,
421502,,,
421101,,,
400601,,,
421004,,,
421005,,,
421305,,,
421202,,,
400604,,,
570026,,,
570028,,,
571107,,,
571102,,,
571130,,,
571617,,,
571604,,,
571114,,,
571108,,,
571601,,,
571189,,,
571311,,,
571105,,,
570015,,,
571602,,,
571116,,,
571121,,,
570018,,,
571103,,,
570020,,,
571104,,,
571125,,,
570010,,,
570004,,,
571610,,,
570008,,,
570033,,,
571187,,,
570025,,,
571603,,,
570002,,,
570019,,,
571134,,,
570016,,,
570017,,,
570027,,,
570031,,,
570012,,,
570014,,,
570001,,,
570023,,,
570006,,,
570005,,,
570003,,,
570007,,,
570022,,,
570009,,,
570029,,,
570011,,,
570034,,,
570030,,,
570032,,,
571119,,,
571128,,,
571101,,,
571312,,,
571124,,,
571129,,,
571110,,,
571302,,,
571314,,,
571120,,,
571118,,,
571315,,,
571122,,,
571301,,,
440010,,,
440003,,,
440024,,,
440008,,,
440037,,,
440014,,,
440013,,,
440001,,,
440019,,,
440012,,,
440017,,,
440018,,,
440036,,,
440035,,,
440025,,,
440022,,,
440032,,,
440030,,,
440034,,,
440005,,,
440002,,,
440015,,,
440020,,,
440027,,,
440006,,,
440016,,,
440033,,,
440026,,,
440007,,,
440021,,,
441210,,,
441107,,,
440023,,,
441201,,,
441401,,,
441202,,,
441110,,,
441203,,,
441106,,,
441108,,,
441101,,,
441501,,,
441304,,,
441214,,,
441104,,,
441305,,,
441102,,,
441204,,,
441113,,,
441105,,,
441301,,,
441302,,,
441306,,,
441502,,,
441103,,,
441123,,,
441404,,,
441122,,,
441111,,,
441001,,,
441112,,,
441303,,,
441109,,,
203207,,,
201310,,,
201313,,,
201304,,,
201314,,,
201008,,,
201309,,,
201311,,,
201312,,,
201315,,,
201306,,,
201305,,,
201301,,,
201307,,,
201318,,,
201316,,,
201317,,,
201303,,,
743456,,,
700155,,,
743425,,,
743221,,,
743248,,,
700131,,,
743710,,,
700135,,,
743263,,,
743249,,,
743435,,,
743251,,,
743445,,,
743273,,,
743401,,,
743235,,,
743437,,,
743222,,,
743446,,,
743438,,,
743427,,,
743292,,,
700128,,,
743232,,,
743423,,,
743245,,,
743262,,,
743702,,,
743270,,,
743286,,,
743233,,,
700124,,,
743247,,,
743426,,,
743411,,,
743412,,,
743442,,,
743701,,,
743711,,,
743422,,,
743439,,,
743234,,,
700126,,,
743294,,,
743424,,,
743291,,,
743405,,,
743287,,,
743290,,,
743429,,,
700129,,,
743293,,,
743252,,,
700132,,,
743289,,,
743704,,,
743268,,,
743223,,,
743271,,,
700127,,,
700125,,,
743272,,,
743428,,,
700130,,,
700133,,,
743297,,,
700136,,,
700059,,,
700159,,,
700055,,,
700064,,,
700091,,,
700106,,,
700156,,,
700157,,,
700089,,,
700102,,,
700163,,,
700161,,,
700160,,,
700048,,,
700101,,,
700097,,,
700109,,,
743144,,,
700122,,,
700057,,,
743128,,,
743145,,,
700119,,,
700114,,,
700120,,,
700123,,,
700083,,,
700116,,,
700056,,,
743122,,,
700121,,,
743123,,,
700110,,,
700051,,,
700158,,,
700076,,,
743130,,,
700058,,,
743124,,,
743127,,,
743129,,,
743133,,,
700111,,,
743125,,,
743166,,,
743134,,,
743135,,,
700079,,,
700117,,,
700112,,,
743193,,,
743126,,,
700113,,,
743194,,,
743136,,,
743165,,,
700134,,,
700049,,,
700118,,,
700081,,,
700115,,,
421303,,,
401606,,,
401102,,,
401301,,,
401602,,,
401501,,,
401302,,,
401103,,,
401604,,,
401403,,,
401601,,,
401202,,,
401201,,,
401303,,,
401105,,,
401101,,,
401701,,,
401503,,,
401603,,,
401605,,,
401608,,,
401502,,,
401405,,,
401206,,,
401203,,,
401702,,,
401208,,,
401304,,,
401607,,,
401402,,,
401401,,,
401703,,,
401207,,,
401209,,,
401404,,,
401504,,,
401506,,,
401305,,,
132113,,,
132107,,,
132105,,,
132122,,,
132104,,,
132140,,,
132101,,,
132102,,,
132106,,,
132108,,,
132145,,,
132115,,,
132103,,,
605007,,,
607402,,,
605006,,,
605106,,,
605008,,,
605501,,,
605004,,,
605009,,,
605003,,,
605005,,,
605010,,,
605013,,,
605002,,,
605011,,,
605102,,,
605110,,,
605014,,,
605502,,,
607403,,,
605001,,,
411014,,,
411032,,,
411035,,,
411003,,,
411027,,,
411026,,,
411039,,,
411037,,,
411001,,,
411031,,,
411062,,,
411019,,,
411033,,,
411012,,,
411015,,,
411028,,,
411013,,,
411057,,,
411017,,,
411034,,,
411048,,,
411047,,,
411018,,,
411060,,,
411036,,,
411044,,,
411061,,,
411022,,,
411040,,,
411006,,,
411004,,,
411046,,,
411051,,,
411021,,,
411067,,,
411007,,,
411002,,,
411045,,,
411008,,,
411042,,,
411038,,,
411020,,,
411005,,,
411043,,,
411016,,,
411052,,,
411011,,,
411024,,,
411023,,,
411030,,,
411068,,,
411009,,,
411041,,,
411058,,,
410506,,,
410509,,,
413132,,,
412411,,,
412205,,,
412201,,,
412105,,,
413801,,,
412211,,,
412206,,,
410507,,,
412115,,,
410401,,,
412213,,,
410501,,,
410502,,,
410505,,,
412218,,,
412408,,,
412410,,,
413114,,,
412212,,,
412401,,,
412207,,,
412404,,,
412406,,,
412402,,,
412405,,,
412204,,,
413102,,,
413133,,,
413103,,,
412108,,,
413104,,,
412303,,,
412203,,,
412209,,,
412214,,,
413105,,,
413130,,,
412301,,,
412106,,,
410513,,,
413106,,,
412202,,,
412208,,,
410503,,,
410515,,,
412409,,,
412210,,,
412101,,,
412112,,,
412305,,,
412311,,,
412109,,,
413110,,,
410508,,,
412403,,,
411025,,,
412216,,,
410516,,,
413120,,,
412102,,,
412104,,,
410504,,,
412306,,,
410402,,,
412215,,,
412107,,,
410403,,,
410405,,,
412412,,,
412219,,,
410512,,,
412220,,,
413116,,,
410301,,,
412110,,,
412103,,,
410511,,,
413802,,,
410510,,,
413115,,,
412307,,,
412304,,,
410406,,,
412308,,,
410302,,,
412312,,,
410206,,,
410221,,,
410201,,,
410207,,,
400702,,,
410101,,,
410208,,,
410203,,,
410216,,,
400707,,,
410218,,,
410202,,,
410210,,,
410204,,,
410102,,,
410220,,,
410222,,,
400704,,,
402305,,,
402303,,,
402403,,,
402103,,,
402401,,,
402203,,,
402126,,,
402204,,,
402201,,,
402307,,,
402107,,,
402101,,,
402301,,,
402106,,,
402113,,,
402109,,,
410205,,,
402208,,,
402114,,,
402104,,,
402306,,,
402120,,,
402111,,,
402404,,,
402302,,,
402308,,,
402110,,,
402202,,,
402122,,,
402105,,,
415213,,,
402304,,,
402102,,,
402117,,,
402402,,,
402209,,,
402115,,,
402309,,,
402108,,,
402112,,,
402125,,,
402116,,,
402207,,,
493225,,,
493111,,,
493441,,,
493116,,,
493221,,,
492001,,,
493114,,,
492101,,,
492015,,,
492009,,,
492017,,,
492008,,,
492012,,,
492016,,,
492002,,,
492013,,,
493881,,,
492004,,,
492010,,,
492014,,,
492018,,,
492099,,,
492003,,,
492005,,,
360055,,,
360360,,,
360485,,,
360050,,,
360311,,,
360490,,,
360070,,,
360030,,,
360450,,,
360040,,,
360480,,,
360330,,,
360452,,,
360421,,,
360410,,,
360405,,,
360045,,,
360370,,,
360035,,,
360430,,,
364465,,,
360460,,,
360325,,,
360440,,,
360320,,,
360380,,,
360470,,,
360465,,,
360375,,,
370230,,,
360110,,,
360003,,,
360060,,,
360025,,,
360021,,,
360022,,,
360020,,,
360005,,,
360002,,,
360023,,,
360004,,,
360006,,,
360024,,,
360001,,,
360007,,,
360026,,,
123102,,,
123106,,,
123501,,,
123035,,,
123401,,,
123412,,,
123411,,,
123103,,,
123101,,,
123303,,,
123302,,,
123301,,,
123110,,,
124108,,,
124111,,,
124411,,,
124406,,,
124021,,,
124501,,,
124022,,,
124514,,,
124010,,,
124401,,,
124303,,,
124112,,,
124001,,,
124412,,,
124113,,,
124513,,,
637103,,,
637301,,,
637101,,,
637303,,,
637105,,,
637102,,,
637104,,,
637107,,,
637415,,,
636117,,,
636122,,,
636204,,,
636106,,,
636308,,,
636104,,,
636004,,,
636017,,,
636141,,,
636114,,,
636003,,,
636105,,,
636002,,,
636139,,,
636108,,,
636101,,,
636107,,,
636119,,,
636602,,,
636115,,,
637501,,,
636102,,,
636103,,,
636111,,,
636008,,,
636006,,,
636109,,,
636201,,,
636112,,,
636015,,,
636203,,,
636016,,,
636007,,,
636116,,,
636113,,,
636014,,,
636140,,,
636138,,,
636121,,,
636601,,,
636010,,,
636110,,,
636001,,,
636142,,,
636501,,,
636503,,,
636451,,,
636404,,,
636307,,,
636009,,,
636502,,,
636304,,,
636302,,,
636351,,,
636012,,,
636455,,,
636303,,,
636354,,,
636306,,,
636309,,,
637502,,,
636011,,,
636453,,,
637504,,,
636454,,,
636305,,,
636013,,,
636403,,,
636452,,,
636458,,,
636030,,,
636406,,,
636402,,,
636401,,,
636457,,,
636456,,,
636005,,,
416403,,,
416411,,,
415311,,,
415401,,,
415409,,,
416419,,,
415305,,,
415303,,,
416308,,,
416310,,,
416311,,,
416412,,,
416402,,,
416415,,,
416316,,,
416404,,,
415408,,,
416401,,,
415415,,,
416312,,,
416301,,,
415301,,,
416303,,,
415315,,,
416302,,,
415411,,,
415307,,,
416309,,,
416413,,,
415410,,,
416436,,,
416414,,,
415306,,,
415302,,,
415310,,,
415309,,,
416420,,,
415402,,,
416304,,,
415413,,,
416410,,,
415405,,,
415412,,,
416405,,,
416305,,,
416407,,,
416315,,,
416416,,,
416408,,,
415308,,,
416314,,,
415403,,,
416313,,,
415304,,,
415406,,,
416306,,,
415404,,,
416307,,,
416417,,,
416418,,,
416406,,,
415407,,,
416409,,,
415414,,,
415313,,,
413306,,,
413212,,,
413304,,,
413308,,,
413101,,,
413307,,,
413211,,,
413208,,,
413309,,,
413305,,,
413203,,,
413209,,,
413301,,,
413302,,,
413252,,,
413202,,,
413319,,,
413310,,,
413111,,,
413223,,,
413315,,,
413322,,,
413317,,,
413113,,,
413112,,,
413109,,,
413210,,,
413314,,,
413251,,,
413107,,,
413206,,,
413250,,,
413108,,,
413118,,,
413228,,,
413409,,,
413215,,,
413216,,,
413222,,,
413214,,,
413219,,,
413253,,,
413221,,,
413002,,,
413006,,,
413303,,,
413248,,,
413008,,,
413220,,,
413218,,,
413255,,,
413226,,,
413401,,,
413403,,,
413213,,,
413406,,,
413404,,,
413412,,,
413005,,,
413410,,,
413324,,,
413402,,,
413227,,,
413003,,,
413004,,,
413001,,,
413411,,,
413224,,,
413217,,,
413007,,,
131101,,,
131301,,,
131103,,,
131409,,,
131027,,,
131023,,,
131001,,,
131403,,,
131021,,,
131102,,,
131304,,,
131402,,,
131039,,,
131022,,,
131302,,,
131024,,,
131306,,,
131408,,,
131305,,,
131028,,,
131029,,,
131030,,,
700105,,,
743368,,,
700138,,,
743383,,,
743329,,,
700140,,,
743347,,,
743355,,,
700104,,,
743370,,,
743337,,,
743378,,,
743312,,,
743504,,,
743336,,,
743503,,,
743377,,,
700141,,,
743374,,,
743513,,,
743349,,,
743357,,,
743372,,,
743610,,,
743399,,,
743318,,,
743354,,,
743338,,,
700145,,,
743373,,,
743502,,,
743371,,,
743375,,,
700070,,,
743363,,,
743332,,,
743387,,,
700144,,,
743611,,,
700137,,,
743395,,,
743376,,,
743348,,,
743613,,,
743609,,,
743345,,,
700103,,,
700154,,,
700096,,,
743330,,,
700149,,,
743331,,,
700151,,,
700139,,,
700152,,,
743351,,,
700084,,,
743356,,,
700150,,,
700148,,,
700146,,,
700153,,,
700093,,,
700142,,,
700143,,,
700147,,,
394150,,,
394620,,,
394355,,,
394350,,,
394163,,,
394352,,,
394250,,,
396510,,,
394325,,,
394170,,,
394320,,,
394305,,,
394340,,,
394317,,,
394335,,,
394310,,,
394601,,,
394240,,,
394248,,,
394140,,,
394160,,,
394330,,,
394180,,,
394245,,,
394155,,,
394315,,,
394326,,,
394327,,,
394185,,,
394190,,,
394345,,,
395008,,,
395007,,,
395009,,,
394516,,,
395017,,,
394430,,,
395005,,,
394107,,,
394110,,,
394410,,,
394405,,,
394540,,,
395001,,,
394130,,,
394440,,,
394210,,,
395003,,,
394530,,,
394125,,,
394510,,,
394517,,,
395023,,,
394421,,,
394550,,,
394445,,,
395010,,,
394230,,,
394112,,,
395004,,,
395012,,,
394270,,,
394235,,,
394120,,,
395002,,,
394111,,,
394520,,,
395013,,,
394515,,,
394101,,,
394518,,,
394221,,,
395011,,,
394541,,,
394105,,,
395006,,,
621308,,,
621314,,,
621310,,,
621306,,,
621307,,,
621312,,,
621302,,,
621315,,,
621211,,,
621103,,,
621007,,,
621118,,,
621014,,,
621708,,,
621210,,,
621209,,,
621005,,,
621003,,,
621109,,,
620006,,,
621208,,,
621204,,,
621102,,,
621214,,,
621215,,,
621203,,,
621202,,,
621001,,,
621216,,,
621104,,,
621207,,,
621213,,,
621206,,,
621112,,,
620005,,,
621106,,,
621008,,,
621105,,,
621205,,,
621110,,,
621114,,,
621009,,,
621004,,,
621002,,,
621012,,,
621006,,,
621011,,,
621111,,,
621217,,,
621010,,,
620102,,,
620014,,,
621712,,,
621722,,,
621711,,,
621702,,,
620011,,,
620101,,,
621651,,,
620004,,,
639101,,,
621703,,,
620026,,,
620013,,,
620010,,,
620009,,,
620015,,,
620024,,,
620001,,,
620008,,,
620012,,,
621218,,,
639103,,,
620007,,,
620025,,,
620020,,,
621653,,,
621652,,,
621706,,,
620023,,,
620021,,,
639115,,,
621601,,,
620016,,,
620019,,,
639112,,,
620017,,,
620002,,,
620003,,,
620027,,,
620018,,,
620022,,,
627601,,,
313804,,,
313027,,,
313702,,,
313703,,,
313604,,,
313334,,,
313031,,,
313602,,,
313701,,,
313038,,,
313331,,,
313601,,,
313704,,,
313026,,,
313205,,,
313603,,,
313905,,,
313011,,,
313803,,,
313324,,,
313705,,,
307025,,,
313322,,,
313001,,,
313706,,,
313802,,,
313902,,,
313801,,,
313906,,,
313708,,,
313024,,,
313204,,,
313203,,,
313003,,,
313201,,,
313327,,,
313903,,,
313015,,,
313904,,,
313022,,,
313901,,,
313206,,,
313330,,,
313207,,,
313328,,,
313002,,,
313004,,,
456776,,,
456441,,,
456222,,,
456224,,,
456221,,,
456771,,,
456006,,,
456337,,,
456661,,,
456770,,,
456335,,,
456440,,,
456443,,,
456331,,,
456313,,,
456665,,,
456664,,,
456550,,,
456668,,,
456003,,,
456010,,,
456001,,,
391250,,,
391121,,,
390019,,,
391145,,,
391150,,,
391135,,,
390022,,,
391175,,,
391165,,,
391115,,,
391120,,,
391110,,,
391107,,,
391160,,,
391168,,,
391140,,,
391125,,,
390001,,,
391105,,,
391152,,,
391130,,,
391156,,,
390009,,,
390004,,,
390014,,,
390006,,,
391155,,,
390018,,,
390013,,,
390011,,,
390010,,,
390025,,,
390017,,,
391421,,,
391510,,,
391740,,,
390020,,,
390007,,,
391760,,,
391445,,,
391101,,,
391761,,,
391240,,,
391330,,,
391775,,,
391745,,,
391244,,,
390012,,,
391310,,,
391243,,,
391780,,,
391410,,,
391440,,,
390003,,,
391530,,,
390024,,,
391210,,,
391430,,,
391450,,,
391774,,,
391346,,,
391340,,,
390008,,,
391750,,,
390002,,,
391520,,,
391770,,,
390016,,,
391320,,,
391220,,,
392310,,,
391776,,,
391350,,,
391345,,,
390023,,,
390021,,,
632506,,,
632510,,,
632508,,,
631002,,,
632501,,,
632519,,,
632507,,,
631003,,,
632513,,,
632511,,,
632502,,,
631001,,,
632517,,,
632503,,,
631151,,,
632509,,,
631051,,,
632505,,,
632531,,,
631102,,,
632406,,,
632520,,,
632504,,,
632512,,,
632405,,,
631004,,,
632515,,,
631101,,,
631006,,,
631052,,,
632404,,,
632514,,,
632516,,,
632318,,,
632401,,,
632518,,,
632403,,,
632521,,,
631152,,,
631005,,,
632319,,,
632312,,,
632011,,,
632010,,,
632009,,,
632101,,,
632102,,,
632204,,,
632202,,,
632107,,,
632055,,,
632106,,,
632002,,,
632004,,,
632014,,,
632105,,,
632113,,,
632059,,,
632104,,,
632103,,,
632006,,,
632013,,,
632001,,,
632007,,,
632058,,,
632057,,,
632114,,,
632012,,,
632008,,,
632115,,,
635651,,,
635602,,,
635804,,,
635653,,,
632604,,,
635701,,,
635814,,,
635801,,,
635802,,,
635806,,,
635702,,,
635652,,,
635811,,,
635810,,,
635601,,,
635852,,,
635815,,,
635854,,,
632602,,,
635805,,,
632209,,,
635751,,,
635901,,,
635754,,,
635813,,,
635655,,,
632603,,,
635853,,,
632601,,,
635809,,,
635803,,,
635851,,,
635654,,,
635812,,,
632201,,,
635752,,,
635808,,,
635710,,,
632203,,,
635807,,,
521333,,,
521390,,,
521213,,,
521340,,,
521343,,,
521312,,,
521324,,,
521327,,,
521330,,,
521215,,,
521202,,,
521261,,,
521106,,,
521345,,,
521207,,,
521105,,,
521263,,,
521111,,,
521260,,,
521214,,,
521329,,,
521325,,,
521148,,,
521322,,,
521323,,,
521321,,,
521201,,,
521301,,,
521326,,,
521311,,,
521344,,,
521366,,,
521149,,,
521369,,,
521122,,,
521121,,,
521138,,,
521001,,,
521136,,,
521120,,,
521131,,,
521126,,,
521002,,,
521132,,,
521125,,,
521150,,,
521356,,,
521157,,,
521133,,,
521328,,,
521332,,,
521156,,,
521135,,,
521331,,,
521130,,,
521162,,,
521158,,,
520003,,,
521226,,,
520012,,,
521212,,,
521250,,,
521245,,,
521101,,,
521181,,,
521165,,,
521403,,,
521109,,,
521190,,,
521175,,,
520008,,,
521286,,,
521229,,,
521211,,,
520007,,,
520015,,,
521102,,,
521178,,,
521163,,,
521182,,,
521151,,,
520002,,,
521185,,,
521230,,,
520010,,,
521227,,,
521180,,,
521456,,,
521401,,,
521183,,,
521235,,,
520001,,,
521139,,,
521170,,,
521402,,,
521108,,,
521184,,,
521225,,,
521256,,,
521104,,,
520004,,,
521241,,,
521247,,,
521246,,,
521228,,,
521457,,,
521231,,,
521164,,,
521110,,,
521153,,,
520013,,,
520011,,,
509132,,,
521107,,,
521134,,,
521137,,,
531022,,,
531027,,,
531115,,,
531036,,,
531077,,,
531035,,,
531040,,,
531030,,,
531002,,,
531117,,,
531055,,,
531001,,,
531118,,,
531111,,,
531084,,,
531028,,,
531151,,,
531149,,,
531034,,,
531031,,,
531011,,,
531029,,,
531085,,,
531021,,,
531113,,,
531082,,,
531023,,,
531081,,,
531032,,,
531075,,,
531087,,,
531026,,,
531020,,,
531025,,,
531083,,,
531024,,,
531105,,,
531133,,,
531061,,,
531114,,,
531126,,,
531127,,,
531019,,,
531033,,,
531060,,,
531116,,,
530003,,,
530053,,,
530016,,,
531162,,,
530052,,,
531219,,,
530040,,,
530012,,,
530044,,,
531163,,,
530051,,,
530047,,,
531173,,,
530002,,,
530020,,,
530043,,,
530031,,,
530029,,,
530049,,,
530001,,,
530026,,,
530005,,,
530048,,,
530045,,,
530004,,,
530027,,,
530022,,,
530007,,,
530008,,,
530017,,,
530011,,,
530018,,,
530009,,,
530014,,,
530013,,,
530041,,,
530024,,,
530028,,,
530032,,,
530046,,,
530035,,,
530015,,,
535005,,,
535145,,,
534198,,,
506144,,,
506366,,,
506172,,,
506342,,,
506371,,,
506352,,,
506344,,,
506252,,,
506301,,,
506356,,,
506168,,,
506391,,,
506011,,,
506302,,,
506004,,,
506143,,,
506001,,,
506151,,,
506167,,,
506009,,,
506164,,,
505102,,,
505101,,,
505497,,,
505476,,,
505471,,,
506310,,,
506315,,,
506324,,,
506007,,,
506112,,,
506122,,,
506381,,,
506163,,,
506365,,,
506369,,,
506006,,,
506005,,,
506132,,,
506317,,,
506134,,,
506105,,,
506313,,,
506002,,,
506135,,,
506318,,,
506104,,,
506332,,,
506222,,,
506330,,,
506316,,,
506333,,,
506329,,,
506008,,,
506331,,,
506314,,,
506013,,,
506101,,,
506166,,,
135133,,,
135101,,,
135002,,,
133206,,,
135021,,,
135103,,,
135003,,,
135102,,,
133103,,,
135001,,,
135106,,,
133204,,,
135004,,,
