pincode,,
563125,,
400080,,
560020,,
110001,,
110002,,
110003,,
110004,,
110005,,
110006,,
110007,,
110008,,
110009,,
110010,,
110011,,
110012,,
110013,,
110014,,
110015,,
110016,,
110017,,
110018,,
110019,,
110020,,
110021,,
110022,,
110023,,
110024,,
110025,,
110026,,
110027,,
110028,,
110029,,
110030,,
110031,,
110032,,
110033,,
110034,,
110035,,
110036,,
110037,,
110038,,
110039,,
110040,,
110041,,
110042,,
110043,,
110044,,
110045,,
110046,,
110047,,
110048,,
110049,,
110051,,
110052,,
110053,,
110054,,
110055,,
110056,,
110057,,
110058,,
110059,,
110060,,
110061,,
110062,,
110063,,
110064,,
110065,,
110066,,
110067,,
110068,,
110070,,
110071,,
110072,,
110073,,
110074,,
110075,,
110076,,
110077,,
110078,,
110080,,
110081,,
110082,,
110083,,
110084,,
110085,,
110086,,
110087,,
110088,,
110089,,
110091,,
110092,,
110093,,
110094,,
110095,,
110096,,
121001,,
121002,,
121003,,
121004,,
121005,,
121006,,
121007,,
121008,,
121009,,
121010,,
121012,,
121013,,
121101,,
121102,,
121103,,
121105,,
121107,,
122001,,
122002,,
122003,,
122004,,
122005,,
122006,,
122007,,
122009,,
122010,,
122011,,
122015,,
122016,,
122017,,
122018,,
122050,,
122051,,
122100,,
122101,,
122102,,
122103,,
122105,,
122107,,
122108,,
122414,,
122503,,
122505,,
123001,,
123027,,
123103,,
123110,,
123401,,
123411,,
123501,,
124001,,
124021,,
124103,,
124104,,
124105,,
124106,,
124107,,
124108,,
124113,,
124201,,
124303,,
124401,,
124406,,
124501,,
124507,,
125001,,
125004,,
125005,,
125011,,
125033,,
125044,,
125048,,
125050,,
125051,,
125052,,
125053,,
125055,,
125060,,
125076,,
125077,,
125102,,
125103,,
125104,,
125110,,
125111,,
125120,,
126102,,
126111,,
126112,,
126114,,
126116,,
127021,,
127025,,
127032,,
127042,,
127043,,
127046,,
127114,,
127306,,
127308,,
127310,,
131001,,
131021,,
131023,,
131024,,
131027,,
131028,,
131029,,
131101,,
131103,,
131301,,
131402,,
131409,,
132001,,
132024,,
132037,,
132039,,
132041,,
132101,,
132103,,
132104,,
132106,,
132108,,
132113,,
132114,,
132116,,
132117,,
132140,,
132145,,
133001,,
133005,,
133021,,
133102,,
133103,,
133104,,
133302,,
134003,,
134007,,
134011,,
134102,,
134107,,
134109,,
134112,,
134113,,
134114,,
134116,,
134118,,
134201,,
134202,,
134204,,
135001,,
135003,,
135101,,
135102,,
135103,,
135106,,
135133,,
136030,,
136034,,
136035,,
136044,,
136117,,
136118,,
136128,,
136130,,
136132,,
136135,,
140001,,
140103,,
140108,,
140110,,
140111,,
140112,,
140124,,
140201,,
140301,,
140306,,
140307,,
140308,,
140401,,
140406,,
140412,,
140417,,
140501,,
140507,,
140601,,
140602,,
140603,,
140701,,
140702,,
140901,,
141001,,
141002,,
141003,,
141004,,
141006,,
141007,,
141008,,
141010,,
141012,,
141013,,
141014,,
141015,,
141016,,
141017,,
141101,,
141104,,
141107,,
141108,,
141110,,
141112,,
141113,,
141116,,
141119,,
141120,,
141122,,
141123,,
141205,,
141206,,
141401,,
141421,,
141801,,
142001,,
142021,,
142022,,
142026,,
142038,,
142039,,
142048,,
143001,,
143006,,
143008,,
143102,,
143104,,
143105,,
143109,,
143201,,
143303,,
143401,,
143419,,
143501,,
143504,,
143505,,
143507,,
143516,,
143520,,
143521,,
143525,,
143526,,
143531,,
143532,,
143601,,
144001,,
144002,,
144003,,
144004,,
144005,,
144008,,
144009,,
144021,,
144022,,
144023,,
144027,,
144036,,
144102,,
144205,,
144221,,
144401,,
144409,,
144416,,
144513,,
144514,,
144601,,
144602,,
144620,,
144623,,
144626,,
144632,,
144804,,
145001,,
145023,,
145025,,
146001,,
147001,,
147002,,
147003,,
147021,,
147101,,
147103,,
147104,,
147201,,
147202,,
147301,,
148001,,
148020,,
148021,,
148023,,
148024,,
148025,,
148028,,
148030,,
148034,,
148035,,
148101,,
148104,,
148105,,
151001,,
151005,,
151101,,
151103,,
151204,,
151206,,
151506,,
152003,,
152026,,
152116,,
160002,,
160003,,
160009,,
160014,,
160015,,
160017,,
160019,,
160020,,
160022,,
160023,,
160025,,
160030,,
160035,,
160036,,
160047,,
160055,,
160059,,
160062,,
160071,,
160101,,
160102,,
160103,,
160104,,
173025,,
173205,,
173209,,
173212,,
174101,,
174103,,
176308,,
180001,,
180004,,
180005,,
180006,,
180007,,
180010,,
180012,,
180013,,
180015,,
180020,,
181133,,
184120,,
190011,,
194101,,
201001,,
201002,,
201003,,
201005,,
201006,,
201007,,
201009,,
201010,,
201011,,
201012,,
201013,,
201014,,
201016,,
201017,,
201019,,
201102,,
201103,,
201204,,
201206,,
201301,,
201302,,
201303,,
201304,,
201305,,
201306,,
201307,,
201308,,
201309,,
201310,,
201313,,
201314,,
202001,,
202121,,
202125,,
202130,,
202138,,
202389,,
202394,,
202410,,
202411,,
202412,,
202421,,
202525,,
203001,,
203131,,
203141,,
203201,,
203203,,
203205,,
203207,,
204101,,
204102,,
204214,,
205001,,
205262,,
205265,,
206001,,
206122,,
207001,,
207123,,
207244,,
207245,,
207250,,
207505,,
208001,,
208002,,
208003,,
208004,,
208005,,
208006,,
208007,,
208008,,
208009,,
208010,,
208011,,
208012,,
208013,,
208014,,
208015,,
208016,,
208017,,
208019,,
208020,,
208021,,
208022,,
208023,,
208024,,
208025,,
208026,,
208027,,
209111,,
209112,,
209121,,
209201,,
209203,,
209206,,
209209,,
209217,,
209301,,
209304,,
209305,,
209311,,
209401,,
209402,,
209622,,
209728,,
209739,,
209801,,
209831,,
209859,,
209861,,
209862,,
210427,,
210502,,
211001,,
211002,,
211003,,
211004,,
211006,,
211008,,
211010,,
211011,,
211012,,
211016,,
211019,,
212106,,
212107,,
212109,,
212201,,
212208,,
212216,,
212301,,
212303,,
212306,,
212402,,
212601,,
212631,,
221001,,
221002,,
221004,,
221005,,
221006,,
221007,,
221008,,
221010,,
221011,,
221101,,
221103,,
221104,,
221105,,
221106,,
221107,,
221109,,
221202,,
221204,,
221301,,
221302,,
221304,,
221307,,
221311,,
221401,,
221402,,
221403,,
221404,,
221502,,
221503,,
221505,,
221715,,
222001,,
222129,,
222132,,
222145,,
222146,,
222165,,
224001,,
224122,,
224123,,
224126,,
224135,,
224146,,
224149,,
224205,,
225001,,
225302,,
225303,,
225304,,
225305,,
225306,,
225414,,
226001,,
226002,,
226003,,
226004,,
226005,,
226006,,
226007,,
226008,,
226009,,
226010,,
226011,,
226012,,
226013,,
226014,,
226016,,
226017,,
226018,,
226019,,
226020,,
226021,,
226022,,
226023,,
226024,,
226025,,
226027,,
226028,,
226029,,
226030,,
226031,,
226301,,
226302,,
227101,,
227105,,
227107,,
227115,,
227125,,
227131,,
227202,,
227301,,
227305,,
227809,,
227813,,
228001,,
228159,,
229001,,
229301,,
229303,,
229401,,
229404,,
229412,,
230142,,
230144,,
230202,,
230404,,
230502,,
231211,,
231305,,
231312,,
231313,,
231501,,
232101,,
232104,,
232105,,
232109,,
241001,,
241122,,
241124,,
241303,,
241502,,
242001,,
243001,,
243003,,
243005,,
243006,,
243122,,
243202,,
243301,,
243303,,
243501,,
243502,,
243503,,
243506,,
243632,,
243633,,
244001,,
244102,,
244221,,
244241,,
244251,,
244301,,
244302,,
244304,,
244402,,
244501,,
244713,,
244901,,
244921,,
244923,,
244924,,
244927,,
245101,,
245205,,
245301,,
245304,,
245401,,
246701,,
246722,,
246723,,
246725,,
246731,,
246733,,
246761,,
246762,,
247001,,
247231,,
247232,,
247341,,
247551,,
247656,,
247661,,
247662,,
247663,,
247667,,
247769,,
247774,,
248001,,
248002,,
248005,,
248006,,
248007,,
248008,,
248011,,
248171,,
248202,,
249192,,
249201,,
249202,,
249203,,
249204,,
249401,,
249402,,
249403,,
249407,,
249408,,
249411,,
250001,,
250002,,
250003,,
250004,,
250101,,
250103,,
250104,,
250110,,
250205,,
250222,,
250341,,
250342,,
250406,,
250501,,
250502,,
250609,,
250626,,
251001,,
251002,,
251003,,
251201,,
251203,,
251309,,
251311,,
251327,,
261201,,
261302,,
261303,,
261405,,
262121,,
262201,,
262202,,
262401,,
262405,,
262406,,
262407,,
262802,,
262907,,
263126,,
263132,,
263139,,
263140,,
263148,,
263152,,
263153,,
263625,,
271001,,
271002,,
271122,,
271123,,
271201,,
271205,,
271206,,
271309,,
271401,,
271403,,
271502,,
271503,,
271601,,
271801,,
271803,,
271870,,
271902,,
271903,,
272002,,
272129,,
272153,,
272201,,
272301,,
273001,,
273003,,
273004,,
273005,,
273006,,
273007,,
273012,,
273013,,
273014,,
273015,,
273016,,
273152,,
273157,,
273165,,
273209,,
273302,,
273306,,
273401,,
273406,,
273412,,
274001,,
274202,,
274203,,
274204,,
274207,,
274302,,
274303,,
274306,,
274402,,
274406,,
274502,,
274702,,
275101,,
275202,,
275203,,
275301,,
276001,,
276135,,
276203,,
276206,,
276302,,
277303,,
281001,,
281003,,
281004,,
281005,,
281006,,
281121,,
281122,,
281201,,
281202,,
281203,,
281204,,
281206,,
281301,,
281302,,
281306,,
281307,,
281403,,
281404,,
281406,,
281501,,
281502,,
281504,,
282001,,
282002,,
282003,,
282004,,
282005,,
282006,,
282007,,
282010,,
283101,,
283102,,
283103,,
283105,,
283110,,
283111,,
283115,,
283121,,
283122,,
283123,,
283125,,
283126,,
283203,,
283204,,
284405,,
285001,,
301001,,
301018,,
301019,,
301021,,
301026,,
301027,,
301028,,
301030,,
301035,,
301403,,
301404,,
301405,,
301406,,
301410,,
301411,,
301414,,
301427,,
301604,,
301701,,
301703,,
301705,,
301706,,
301707,,
301708,,
301709,,
301712,,
302001,,
302002,,
302003,,
302004,,
302005,,
302006,,
302007,,
302009,,
302011,,
302012,,
302013,,
302015,,
302016,,
302017,,
302018,,
302019,,
302020,,
302021,,
302022,,
302023,,
302024,,
302026,,
302027,,
302028,,
302029,,
302031,,
302032,,
302033,,
302034,,
302039,,
302041,,
303001,,
303003,,
303004,,
303005,,
303006,,
303007,,
303009,,
303012,,
303102,,
303109,,
303119,,
303303,,
303305,,
303313,,
303325,,
303327,,
303328,,
303348,,
303501,,
303505,,
303506,,
303507,,
303510,,
303511,,
303601,,
303603,,
303604,,
303701,,
303702,,
303704,,
303706,,
303712,,
303801,,
303802,,
303805,,
303807,,
303901,,
303903,,
303904,,
303905,,
304001,,
304802,,
305001,,
305002,,
305003,,
305022,,
305024,,
305202,,
305204,,
305601,,
305801,,
305802,,
305813,,
305901,,
305921,,
306104,,
306115,,
306116,,
306126,,
306401,,
306422,,
306504,,
306704,,
306708,,
306901,,
306902,,
306912,,
307022,,
307027,,
307028,,
307029,,
307030,,
307511,,
307513,,
307803,,
311001,,
311024,,
311025,,
311301,,
311401,,
311403,,
311404,,
311407,,
311603,,
311802,,
311803,,
311804,,
311805,,
312001,,
312021,,
312022,,
312024,,
312025,,
312201,,
312206,,
312601,,
312613,,
312901,,
313001,,
313002,,
313003,,
313011,,
313024,,
313027,,
313203,,
313207,,
313301,,
313321,,
313322,,
313323,,
313324,,
313325,,
313326,,
313328,,
313329,,
313330,,
313331,,
313332,,
313333,,
313334,,
313601,,
313703,,
313704,,
313802,,
313803,,
313804,,
313903,,
314001,,
314024,,
321022,,
321024,,
321203,,
321205,,
321605,,
321608,,
321609,,
321633,,
322213,,
322216,,
323001,,
323021,,
323603,,
324001,,
324002,,
324003,,
324004,,
324005,,
324006,,
324007,,
324008,,
324009,,
324010,,
325202,,
325217,,
325221,,
325223,,
325602,,
326023,,
326035,,
326038,,
327001,,
327022,,
327026,,
327034,,
327604,,
331023,,
331024,,
331304,,
331505,,
331507,,
331701,,
332001,,
332002,,
332021,,
332024,,
332027,,
332028,,
332301,,
332311,,
332403,,
332603,,
332713,,
333001,,
333021,,
333026,,
333305,,
333503,,
333801,,
334001,,
334003,,
334004,,
334006,,
334022,,
334023,,
334201,,
334202,,
334401,,
334403,,
334404,,
334601,,
334603,,
334802,,
334803,,
335001,,
335037,,
335523,,
335524,,
335801,,
335804,,
341001,,
341021,,
341025,,
341026,,
341027,,
341028,,
341030,,
341502,,
341503,,
341505,,
341508,,
341509,,
341510,,
341513,,
341514,,
341517,,
342001,,
342002,,
342003,,
342005,,
342006,,
342007,,
342008,,
342011,,
342012,,
342013,,
342014,,
342024,,
342027,,
342303,,
342304,,
342305,,
342307,,
342309,,
342312,,
342601,,
342602,,
342801,,
342802,,
342901,,
342902,,
343001,,
343021,,
343025,,
343027,,
343029,,
343030,,
343032,,
343040,,
343041,,
343042,,
343049,,
344001,,
344011,,
344022,,
344024,,
344026,,
344027,,
344031,,
344032,,
344033,,
344034,,
344044,,
344702,,
344703,,
344704,,
344706,,
344801,,
345001,,
360001,,
360002,,
360003,,
360004,,
360005,,
360006,,
360007,,
360020,,
360021,,
360022,,
360023,,
360024,,
360025,,
360030,,
360035,,
360040,,
360050,,
360110,,
360311,,
360320,,
360330,,
360360,,
360370,,
360410,,
360421,,
360440,,
360480,,
360490,,
360520,,
360540,,
360545,,
360550,,
360560,,
360570,,
360575,,
360576,,
360577,,
360579,,
361001,,
361004,,
361005,,
361006,,
361007,,
361008,,
361009,,
361011,,
361012,,
361120,,
361140,,
361160,,
361162,,
361210,,
361220,,
361280,,
361305,,
361310,,
361315,,
361350,,
362001,,
362011,,
362015,,
362020,,
362037,,
362130,,
362205,,
362225,,
362245,,
362255,,
362260,,
362263,,
362265,,
362266,,
362268,,
362610,,
362720,,
363001,,
363020,,
363030,,
363040,,
363310,,
363330,,
363410,,
363430,,
363510,,
363520,,
363530,,
363621,,
363622,,
363630,,
363641,,
363642,,
363650,,
363655,,
363660,,
363670,,
364001,,
364002,,
364003,,
364004,,
364005,,
364006,,
364050,,
364070,,
364081,,
364130,,
364140,,
364150,,
364240,,
364290,,
364310,,
364465,,
364470,,
364485,,
364490,,
364515,,
364710,,
365220,,
365410,,
365440,,
365601,,
365610,,
370001,,
370020,,
370040,,
370105,,
370110,,
370140,,
370155,,
370165,,
370201,,
370205,,
370240,,
370410,,
370421,,
370465,,
370605,,
370615,,
380001,,
380002,,
380004,,
380005,,
380006,,
380007,,
380008,,
380009,,
380010,,
380013,,
380014,,
380015,,
380016,,
380018,,
380019,,
380021,,
380022,,
380023,,
380024,,
380025,,
380026,,
380027,,
380028,,
380050,,
380051,,
380052,,
380054,,
380055,,
380058,,
380059,,
380060,,
380061,,
380063,,
382006,,
382007,,
382016,,
382021,,
382024,,
382028,,
382030,,
382110,,
382115,,
382145,,
382150,,
382170,,
382210,,
382213,,
382220,,
382245,,
382250,,
382305,,
382315,,
382330,,
382340,,
382345,,
382346,,
382350,,
382355,,
382360,,
382405,,
382415,,
382418,,
382421,,
382422,,
382424,,
382425,,
382426,,
382427,,
382428,,
382430,,
382433,,
382435,,
382440,,
382443,,
382445,,
382449,,
382450,,
382460,,
382470,,
382475,,
382480,,
382481,,
382650,,
382705,,
382715,,
382721,,
382725,,
382729,,
382732,,
382740,,
382765,,
382810,,
382825,,
382830,,
382840,,
382845,,
382870,,
383001,,
383010,,
383030,,
383110,,
383120,,
383215,,
383245,,
383275,,
383307,,
383310,,
383315,,
383325,,
383422,,
383430,,
383434,,
384001,,
384002,,
384003,,
384130,,
384151,,
384160,,
384170,,
384176,,
384215,,
384220,,
384240,,
384245,,
384260,,
384265,,
384290,,
384305,,
384315,,
384325,,
384330,,
384435,,
385001,,
385210,,
385310,,
385340,,
385410,,
385510,,
385515,,
385520,,
385530,,
385535,,
385555,,
385565,,
385570,,
387001,,
387002,,
387115,,
387130,,
387320,,
387325,,
387350,,
387355,,
387380,,
387510,,
387530,,
387640,,
388001,,
388120,,
388121,,
388170,,
388180,,
388205,,
388220,,
388245,,
388255,,
388315,,
388320,,
388325,,
388330,,
388340,,
388345,,
388350,,
388360,,
388370,,
388410,,
388480,,
388510,,
388540,,
388590,,
388620,,
388630,,
389001,,
389140,,
389151,,
389154,,
389155,,
389170,,
389180,,
389230,,
389310,,
389320,,
389330,,
389340,,
389350,,
389360,,
389380,,
390001,,
390002,,
390003,,
390004,,
390005,,
390006,,
390007,,
390008,,
390009,,
390010,,
390011,,
390012,,
390013,,
390014,,
390015,,
390016,,
390017,,
390018,,
390019,,
390020,,
390021,,
390022,,
390023,,
390025,,
391101,,
391107,,
391110,,
391135,,
391160,,
391220,,
391240,,
391243,,
391244,,
391310,,
391330,,
391340,,
391345,,
391350,,
391410,,
391440,,
391460,,
391510,,
391740,,
391750,,
391760,,
391770,,
391775,,
392001,,
392002,,
392011,,
392012,,
392015,,
392110,,
392130,,
392140,,
392150,,
392160,,
392165,,
392220,,
392230,,
392240,,
393001,,
393002,,
393010,,
393110,,
393135,,
394101,,
394105,,
394107,,
394110,,
394111,,
394115,,
394116,,
394120,,
394125,,
394130,,
394150,,
394160,,
394180,,
394185,,
394190,,
394210,,
394220,,
394221,,
394230,,
394235,,
394250,,
394270,,
394305,,
394310,,
394315,,
394317,,
394320,,
394325,,
394326,,
394327,,
394330,,
394335,,
394345,,
394350,,
394352,,
394355,,
394410,,
394510,,
394520,,
394530,,
394540,,
394550,,
394601,,
394633,,
394635,,
394640,,
394650,,
394651,,
394670,,
395001,,
395002,,
395003,,
395004,,
395005,,
395006,,
395007,,
395008,,
395009,,
395010,,
395012,,
395017,,
395023,,
395620,,
396001,,
396002,,
396007,,
396020,,
396035,,
396040,,
396050,,
396055,,
396065,,
396105,,
396125,,
396126,,
396145,,
396150,,
396155,,
396165,,
396170,,
396171,,
396185,,
396191,,
396193,,
396195,,
396210,,
396220,,
396230,,
396235,,
396240,,
396321,,
396325,,
396350,,
396375,,
396409,,
396421,,
396424,,
396427,,
396430,,
396433,,
396439,,
396445,,
396450,,
396463,,
396521,,
396570,,
396580,,
400001,,
400002,,
400003,,
400004,,
400005,,
400006,,
400007,,
400008,,
400009,,
400010,,
400011,,
400012,,
400013,,
400014,,
400015,,
400016,,
400017,,
400018,,
400019,,
400020,,
400021,,
400022,,
400023,,
400024,,
400025,,
400026,,
400027,,
400028,,
400029,,
400031,,
400033,,
400034,,
400036,,
400037,,
400038,,
400039,,
400042,,
400043,,
400049,,
400050,,
400051,,
400052,,
400053,,
400054,,
400055,,
400056,,
400057,,
400058,,
400059,,
400060,,
400061,,
400062,,
400063,,
400064,,
400065,,
400066,,
400067,,
400068,,
400069,,
400070,,
400071,,
400072,,
400074,,
400075,,
400076,,
400077,,
400078,,
400079,,
400080,,
400081,,
400082,,
400083,,
400084,,
400086,,
400087,,
400088,,
400089,,
400090,,
400091,,
400092,,
400093,,
400095,,
400096,,
400097,,
400098,,
400099,,
400101,,
400102,,
400103,,
400104,,
400601,,
400602,,
400603,,
400604,,
400605,,
400606,,
400607,,
400608,,
400610,,
400612,,
400614,,
400615,,
400701,,
400702,,
400703,,
400705,,
400706,,
400708,,
400709,,
400710,,
401101,,
401102,,
401104,,
401105,,
401106,,
401107,,
401201,,
401202,,
401203,,
401208,,
401209,,
401210,,
401301,,
401302,,
401303,,
401305,,
401403,,
401404,,
401405,,
401501,,
401504,,
401506,,
401601,,
401602,,
401604,,
401606,,
401610,,
402104,,
402107,,
402126,,
402209,,
402301,,
402403,,
402404,,
403001,,
403004,,
403110,,
403115,,
403401,,
403504,,
403506,,
403507,,
403510,,
403516,,
403521,,
403526,,
403601,,
403602,,
403705,,
403706,,
403708,,
403722,,
403731,,
403802,,
410101,,
410201,,
410203,,
410205,,
410206,,
410207,,
410208,,
410209,,
410210,,
410218,,
410220,,
410221,,
410222,,
410401,,
410501,,
410502,,
410503,,
410504,,
410505,,
410506,,
410507,,
411001,,
411002,,
411003,,
411004,,
411005,,
411006,,
411007,,
411008,,
411009,,
411011,,
411012,,
411013,,
411014,,
411015,,
411016,,
411017,,
411018,,
411019,,
411020,,
411021,,
411023,,
411024,,
411026,,
411027,,
411028,,
411029,,
411030,,
411031,,
411032,,
411033,,
411034,,
411035,,
411036,,
411037,,
411038,,
411039,,
411040,,
411041,,
411042,,
411043,,
411044,,
411045,,
411046,,
411047,,
411048,,
411051,,
411052,,
411057,,
411058,,
411060,,
411061,,
411062,,
412101,,
412105,,
412106,,
412108,,
412109,,
412110,,
412114,,
412115,,
412201,,
412202,,
412203,,
412204,,
412205,,
412206,,
412207,,
412208,,
412209,,
412210,,
412212,,
412213,,
412214,,
412216,,
412301,,
412304,,
412307,,
412308,,
412401,,
412403,,
412404,,
412408,,
412409,,
412410,,
412411,,
412412,,
413001,,
413002,,
413003,,
413004,,
413005,,
413006,,
413007,,
413102,,
413104,,
413105,,
413109,,
413114,,
413115,,
413120,,
413130,,
413132,,
413133,,
413203,,
413213,,
413216,,
413219,,
413221,,
413222,,
413224,,
413229,,
413249,,
413255,,
413305,,
413307,,
413410,,
413501,,
413512,,
413520,,
413605,,
413623,,
413704,,
413705,,
413709,,
413714,,
413715,,
413716,,
413721,,
413725,,
413728,,
413738,,
413739,,
414001,,
414002,,
414003,,
414005,,
414102,,
414103,,
414105,,
414106,,
414111,,
414201,,
414202,,
414203,,
414204,,
414301,,
414304,,
414306,,
414403,,
414501,,
414601,,
414603,,
414701,,
415002,,
415003,,
415004,,
415010,,
415012,,
415103,,
415105,,
415110,,
415111,,
415112,,
415114,,
415124,,
415307,,
415309,,
415311,,
415501,,
415523,,
415525,,
415612,,
415613,,
415709,,
416001,,
416002,,
416003,,
416004,,
416005,,
416006,,
416007,,
416008,,
416010,,
416011,,
416012,,
416013,,
416101,,
416102,,
416103,,
416104,,
416108,,
416109,,
416112,,
416115,,
416116,,
416117,,
416119,,
416121,,
416122,,
416129,,
416143,,
416202,,
416203,,
416205,,
416207,,
416212,,
416213,,
416216,,
416229,,
416234,,
416305,,
416306,,
416310,,
416312,,
416406,,
416407,,
416410,,
416412,,
416414,,
416416,,
416507,,
416509,,
416512,,
416516,,
416520,,
416531,,
416704,,
416812,,
421001,,
421002,,
421003,,
421004,,
421005,,
421102,,
421201,,
421202,,
421203,,
421204,,
421301,,
421302,,
421303,,
421304,,
421305,,
421306,,
421308,,
421311,,
421312,,
421401,,
421501,,
421503,,
421505,,
421506,,
421601,,
421604,,
421605,,
422001,,
422002,,
422003,,
422004,,
422005,,
422006,,
422007,,
422008,,
422009,,
422010,,
422011,,
422012,,
422013,,
422101,,
422103,,
422104,,
422112,,
422201,,
422202,,
422203,,
422206,,
422209,,
422210,,
422211,,
422212,,
422221,,
422222,,
422302,,
422304,,
422306,,
422402,,
422403,,
422502,,
422601,,
422602,,
422603,,
422605,,
422606,,
422610,,
422611,,
422620,,
422622,,
423101,,
423102,,
423104,,
423105,,
423106,,
423107,,
423111,,
423202,,
423203,,
423204,,
423205,,
423206,,
423208,,
423212,,
423301,,
423401,,
423601,,
423605,,
424001,,
424002,,
424005,,
424101,,
424109,,
424202,,
424206,,
425001,,
425002,,
425003,,
425103,,
425105,,
425107,,
425108,,
425109,,
425116,,
425201,,
425306,,
425309,,
425412,,
431001,,
431002,,
431003,,
431005,,
431006,,
431007,,
431008,,
431009,,
431010,,
431101,,
431103,,
431109,,
431111,,
431112,,
431114,,
431133,,
431136,,
431151,,
431202,,
431203,,
431204,,
431206,,
431207,,
431213,,
431401,,
431509,,
431517,,
431522,,
431601,,
431605,,
431703,,
431708,,
431716,,
431741,,
440001,,
440002,,
440003,,
440004,,
440005,,
440006,,
440008,,
440009,,
440010,,
440012,,
440013,,
440014,,
440015,,
440016,,
440017,,
440018,,
440022,,
440023,,
440024,,
440025,,
440026,,
440027,,
440028,,
440030,,
440032,,
440033,,
440034,,
440035,,
440037,,
441001,,
441002,,
441101,,
441102,,
441104,,
441105,,
441106,,
441107,,
441108,,
441110,,
441111,,
441113,,
441122,,
441123,,
441202,,
441203,,
441306,,
441401,,
441601,,
441804,,
441809,,
441904,,
441907,,
442301,,
442401,,
442908,,
443001,,
443201,,
443202,,
443203,,
443302,,
444001,,
444002,,
444003,,
444004,,
444005,,
444102,,
444104,,
444106,,
444107,,
444111,,
444203,,
444301,,
444302,,
444601,,
444602,,
444603,,
444604,,
444605,,
444606,,
444607,,
444708,,
444720,,
444801,,
444901,,
444902,,
444904,,
445103,,
445202,,
450001,,
451115,,
451335,,
451551,,
452001,,
452002,,
452003,,
452004,,
452005,,
452006,,
452007,,
452008,,
452009,,
452010,,
452011,,
452012,,
452013,,
452014,,
452015,,
452016,,
452018,,
452020,,
453001,,
453111,,
453112,,
453115,,
453331,,
453441,,
453551,,
453661,,
453771,,
454001,,
454010,,
454111,,
454116,,
454221,,
454331,,
454441,,
454449,,
454552,,
454665,,
454773,,
454774,,
454775,,
455001,,
455118,,
455227,,
455332,,
456001,,
456006,,
456010,,
456550,,
456661,,
457001,,
457226,,
457661,,
457887,,
458228,,
458470,,
458883,,
460001,,
461001,,
461111,,
461115,,
461116,,
461221,,
461228,,
461331,,
461661,,
461775,,
462001,,
462002,,
462003,,
462004,,
462008,,
462010,,
462011,,
462016,,
462020,,
462021,,
462022,,
462023,,
462024,,
462026,,
462030,,
462033,,
462036,,
462037,,
462038,,
462039,,
462041,,
462042,,
462043,,
462044,,
462045,,
462046,,
462047,,
464001,,
464665,,
464990,,
464993,,
465226,,
465333,,
465445,,
465674,,
465689,,
465693,,
466001,,
466115,,
466116,,
466445,,
466661,,
470002,,
470003,,
470004,,
470115,,
470226,,
470235,,
470661,,
470673,,
471001,,
473001,,
473110,,
473287,,
473885,,
474001,,
474002,,
474003,,
474004,,
474005,,
474006,,
474009,,
474011,,
474012,,
474020,,
475330,,
475661,,
475673,,
476001,,
476444,,
477116,,
477117,,
477335,,
477445,,
480001,,
480107,,
480331,,
480441,,
480551,,
480559,,
481001,,
481661,,
482001,,
482002,,
482003,,
482004,,
482008,,
482009,,
483119,,
483501,,
484444,,
484881,,
485001,,
486445,,
486447,,
486450,,
486661,,
487001,,
487118,,
490001,,
490006,,
490009,,
490011,,
490020,,
490023,,
490025,,
490026,,
490036,,
490042,,
491001,,
491107,,
491111,,
491227,,
491441,,
491559,,
491661,,
491888,,
491995,,
492001,,
492002,,
492003,,
492004,,
492005,,
492006,,
492007,,
492009,,
492010,,
492011,,
492012,,
492013,,
492014,,
492015,,
492099,,
493111,,
493114,,
493221,,
493332,,
493441,,
493663,,
493773,,
493885,,
495001,,
495002,,
495004,,
495006,,
495009,,
495220,,
495223,,
495677,,
496001,,
496220,,
497001,,
497224,,
497442,,
500001,,
500002,,
500003,,
500004,,
500005,,
500006,,
500007,,
500008,,
500009,,
500010,,
500011,,
500012,,
500013,,
500014,,
500015,,
500016,,
500017,,
500018,,
500019,,
500020,,
500023,,
500024,,
500025,,
500026,,
500027,,
500028,,
500029,,
500030,,
500032,,
500033,,
500034,,
500035,,
500036,,
500037,,
500038,,
500039,,
500040,,
500042,,
500043,,
500044,,
500045,,
500046,,
500047,,
500048,,
500049,,
500050,,
500051,,
500052,,
500053,,
500054,,
500055,,
500056,,
500057,,
500058,,
500059,,
500060,,
500061,,
500062,,
500063,,
500064,,
500065,,
500067,,
500068,,
500070,,
500072,,
500073,,
500074,,
500075,,
500076,,
500077,,
500078,,
500079,,
500080,,
500081,,
500082,,
500083,,
500084,,
500085,,
500086,,
500087,,
500088,,
500089,,
500090,,
500091,,
500092,,
500094,,
500095,,
500096,,
500097,,
500098,,
500100,,
501101,,
501203,,
501218,,
501301,,
501323,,
501359,,
501401,,
501502,,
501503,,
501505,,
501506,,
501509,,
501510,,
501511,,
501512,,
502001,,
502032,,
502102,,
502103,,
502210,,
502220,,
502221,,
502228,,
502246,,
502248,,
502256,,
502257,,
502269,,
502270,,
502273,,
502277,,
502278,,
502279,,
502285,,
502286,,
502287,,
502290,,
502291,,
502293,,
502295,,
502300,,
502305,,
502306,,
502307,,
502310,,
502312,,
502313,,
502314,,
502318,,
502319,,
502321,,
502325,,
502329,,
502334,,
502336,,
502372,,
502375,,
503001,,
503002,,
503003,,
503102,,
503110,,
503111,,
503114,,
503120,,
503122,,
503123,,
503164,,
503175,,
503185,,
503186,,
503206,,
503207,,
503219,,
503224,,
503225,,
503230,,
503235,,
503245,,
504208,,
504231,,
504251,,
504272,,
504302,,
505001,,
505101,,
505102,,
505162,,
505184,,
505185,,
505186,,
505188,,
505208,,
505209,,
505212,,
505301,,
505302,,
505307,,
505326,,
505327,,
505401,,
505402,,
505445,,
505460,,
505466,,
505468,,
505469,,
505475,,
505476,,
505481,,
505501,,
505526,,
505527,,
505530,,
505531,,
506001,,
506002,,
506003,,
506004,,
506005,,
506006,,
506007,,
506009,,
506013,,
506101,,
506122,,
506132,,
506142,,
506143,,
506144,,
506151,,
506165,,
506166,,
506172,,
506222,,
506224,,
506244,,
506252,,
506301,,
506302,,
506310,,
506313,,
506314,,
506315,,
506317,,
506324,,
506330,,
506331,,
506342,,
506349,,
506365,,
506369,,
506370,,
506381,,
506391,,
507001,,
507002,,
507003,,
507101,,
507111,,
507120,,
507123,,
507158,,
507159,,
507165,,
507166,,
507168,,
507182,,
507183,,
507202,,
507204,,
507208,,
507210,,
507302,,
507303,,
507305,,
507316,,
508001,,
508115,,
508116,,
508126,,
508206,,
508207,,
508210,,
508212,,
508213,,
508217,,
508222,,
508244,,
508252,,
508258,,
508277,,
508278,,
508284,,
508286,,
508373,,
508376,,
509001,,
509125,,
509127,,
509129,,
509130,,
509153,,
509201,,
509206,,
509209,,
509215,,
509216,,
509217,,
509228,,
509320,,
509325,,
509334,,
509375,,
509376,,
509381,,
509411,,
509412,,
515001,,
515004,,
515133,,
515134,,
515144,,
515164,,
515201,,
515212,,
515281,,
515303,,
515501,,
515521,,
515561,,
515591,,
515671,,
515761,,
515775,,
515812,,
515871,,
516172,,
516193,,
516227,,
516269,,
516360,,
517001,,
517101,,
517129,,
517350,,
517408,,
517501,,
517503,,
517507,,
517520,,
518001,,
518002,,
518003,,
518004,,
518006,,
518122,,
518123,,
518218,,
518301,,
518302,,
518360,,
518390,,
518395,,
518401,,
518411,,
518452,,
518464,,
518501,,
518513,,
520001,,
520002,,
520003,,
520004,,
520007,,
520008,,
520010,,
520011,,
520012,,
520013,,
520015,,
521001,,
521002,,
521101,,
521105,,
521107,,
521108,,
521126,,
521137,,
521139,,
521151,,
521165,,
521185,,
521190,,
521211,,
521212,,
521225,,
521228,,
521230,,
521235,,
521241,,
521245,,
521247,,
521301,,
521344,,
521402,,
521456,,
522001,,
522002,,
522003,,
522004,,
522005,,
522006,,
522007,,
522017,,
522018,,
522019,,
522020,,
522034,,
522124,,
522125,,
522201,,
522202,,
522203,,
522211,,
522233,,
522236,,
522237,,
522257,,
522265,,
522302,,
522309,,
522402,,
522403,,
522411,,
522413,,
522438,,
522501,,
522503,,
522508,,
522509,,
522529,,
522549,,
522601,,
522603,,
522615,,
522616,,
522647,,
523001,,
523002,,
523111,,
523157,,
523187,,
523211,,
523247,,
523274,,
523302,,
523304,,
523315,,
523316,,
523326,,
523327,,
523328,,
523329,,
523330,,
523331,,
523333,,
523357,,
523368,,
524001,,
524002,,
524003,,
524004,,
524101,,
524132,,
524201,,
524228,,
524306,,
524308,,
524314,,
524315,,
530001,,
530002,,
530003,,
530004,,
530007,,
530009,,
530011,,
530012,,
530013,,
530016,,
530017,,
530018,,
530020,,
530022,,
530024,,
530026,,
530028,,
530040,,
530041,,
530043,,
530044,,
530046,,
530047,,
530048,,
531001,,
531002,,
531019,,
531021,,
531022,,
531031,,
531033,,
531083,,
531116,,
531162,,
532001,,
532122,,
532123,,
532127,,
532185,,
532213,,
532440,,
533001,,
533003,,
533004,,
533005,,
533006,,
533016,,
533101,,
533102,,
533103,,
533104,,
533105,,
533106,,
533124,,
533201,,
533212,,
533229,,
533234,,
533238,,
533239,,
533289,,
533293,,
533294,,
533308,,
533309,,
533342,,
533407,,
533428,,
533430,,
533431,,
533437,,
533440,,
533445,,
533450,,
533461,,
533462,,
533468,,
534002,,
534005,,
534102,,
534126,,
534146,,
534166,,
534186,,
534195,,
534198,,
534201,,
534202,,
534204,,
534211,,
534216,,
534222,,
534235,,
534238,,
534244,,
534260,,
534275,,
534301,,
534302,,
534330,,
534341,,
534342,,
534350,,
534411,,
534462,,
535001,,
535002,,
535101,,
535183,,
535216,,
535240,,
535250,,
560001,,
560002,,
560003,,
560004,,
560005,,
560006,,
560008,,
560009,,
560010,,
560011,,
560013,,
560015,,
560016,,
560017,,
560018,,
560019,,
560020,,
560021,,
560022,,
560023,,
560024,,
560025,,
560026,,
560027,,
560028,,
560029,,
560030,,
560032,,
560033,,
560034,,
560035,,
560036,,
560037,,
560038,,
560039,,
560040,,
560041,,
560042,,
560043,,
560045,,
560046,,
560047,,
560048,,
560049,,
560050,,
560051,,
560052,,
560053,,
560054,,
560055,,
560056,,
560057,,
560058,,
560059,,
560060,,
560061,,
560062,,
560063,,
560064,,
560065,,
560066,,
560067,,
560068,,
560069,,
560070,,
560071,,
560072,,
560073,,
560074,,
560075,,
560076,,
560077,,
560078,,
560079,,
560080,,
560082,,
560083,,
560084,,
560085,,
560086,,
560087,,
560088,,
560089,,
560090,,
560091,,
560092,,
560093,,
560094,,
560095,,
560096,,
560097,,
560098,,
560099,,
560100,,
560102,,
560103,,
560104,,
560105,,
560107,,
560108,,
560109,,
560110,,
561202,,
561203,,
561204,,
561207,,
561208,,
561212,,
561213,,
561228,,
562101,,
562102,,
562103,,
562104,,
562105,,
562106,,
562107,,
562109,,
562110,,
562111,,
562112,,
562114,,
562117,,
562120,,
562122,,
562123,,
562125,,
562126,,
562127,,
562128,,
562129,,
562130,,
562132,,
562135,,
562149,,
562157,,
562159,,
562160,,
562162,,
563101,,
563102,,
563113,,
563114,,
563116,,
563122,,
563124,,
563125,,
563126,,
563127,,
563128,,
563130,,
563131,,
563132,,
563133,,
563135,,
563136,,
563138,,
563139,,
563159,,
563160,,
563161,,
570001,,
570002,,
570003,,
570004,,
570007,,
570008,,
570009,,
570010,,
570011,,
570012,,
570014,,
570015,,
570016,,
570017,,
570018,,
570019,,
570020,,
570021,,
570022,,
570023,,
570024,,
570025,,
570026,,
570028,,
570030,,
571101,,
571102,,
571103,,
571104,,
571105,,
571107,,
571108,,
571109,,
571110,,
571111,,
571117,,
571118,,
571119,,
571120,,
571121,,
571124,,
571125,,
571129,,
571201,,
571213,,
571218,,
571234,,
571301,,
571302,,
571311,,
571312,,
571313,,
571314,,
571315,,
571401,,
571403,,
571415,,
571416,,
571421,,
571424,,
571428,,
571429,,
571430,,
571432,,
571433,,
571434,,
571438,,
571450,,
571463,,
571602,,
571605,,
572101,,
572102,,
572103,,
572104,,
572106,,
572107,,
572111,,
572117,,
572118,,
572119,,
572120,,
572121,,
572122,,
572123,,
572128,,
572129,,
572130,,
572136,,
572140,,
572141,,
572168,,
572201,,
572202,,
572213,,
572214,,
572215,,
572216,,
572218,,
572220,,
572221,,
572223,,
572224,,
572225,,
573102,,
573103,,
573115,,
573116,,
573119,,
573120,,
573121,,
573122,,
573129,,
573130,,
573131,,
573142,,
573201,,
573211,,
573214,,
573215,,
573219,,
574102,,
574104,,
574105,,
574118,,
574151,,
574153,,
574197,,
574201,,
574210,,
574214,,
574219,,
574227,,
574228,,
574248,,
575001,,
575002,,
575003,,
575004,,
575005,,
575008,,
575010,,
575011,,
575015,,
575017,,
575020,,
575022,,
575027,,
575028,,
575030,,
576101,,
576103,,
576201,,
576213,,
576215,,
576222,,
576223,,
576229,,
576234,,
577001,,
577002,,
577003,,
577004,,
577005,,
577006,,
577101,,
577133,,
577134,,
577139,,
577201,,
577202,,
577203,,
577204,,
577205,,
577214,,
577219,,
577222,,
577228,,
577301,,
577427,,
577501,,
577502,,
577511,,
577512,,
577514,,
577516,,
577520,,
577521,,
577522,,
577524,,
577525,,
577526,,
577527,,
577530,,
577535,,
577537,,
577538,,
577539,,
577543,,
577544,,
577546,,
577548,,
577552,,
577553,,
577557,,
577558,,
577598,,
577599,,
577601,,
580001,,
580004,,
580006,,
580007,,
580008,,
580009,,
580011,,
580020,,
580021,,
580023,,
580024,,
580025,,
580026,,
580028,,
580029,,
580030,,
580031,,
580032,,
581106,,
581109,,
581110,,
581115,,
581118,,
581145,,
581193,,
581202,,
581206,,
581207,,
581209,,
581212,,
581307,,
581402,,
582101,,
582103,,
582111,,
582113,,
582118,,
582207,,
582208,,
583101,,
583102,,
583103,,
583104,,
583111,,
583113,,
583114,,
583115,,
583116,,
583117,,
583119,,
583121,,
583123,,
583125,,
583131,,
583132,,
583135,,
583152,,
583201,,
583212,,
583214,,
583216,,
583218,,
583219,,
583220,,
583221,,
583222,,
583223,,
583224,,
583225,,
583227,,
583228,,
583229,,
583231,,
583233,,
583234,,
583235,,
583275,,
583278,,
583282,,
584101,,
584111,,
584114,,
584122,,
584123,,
584124,,
584125,,
584126,,
584128,,
584167,,
584170,,
585101,,
585102,,
585103,,
585104,,
585105,,
585202,,
585211,,
585212,,
585214,,
585215,,
585216,,
585226,,
585227,,
585290,,
585291,,
585305,,
585306,,
585308,,
585313,,
585316,,
585322,,
585326,,
585328,,
585329,,
585330,,
585401,,
585402,,
585403,,
585412,,
585413,,
585421,,
585436,,
586101,,
586102,,
586103,,
586104,,
586108,,
586118,,
586120,,
586121,,
586124,,
586127,,
586128,,
586130,,
586202,,
586203,,
586204,,
586207,,
586208,,
586212,,
586215,,
586216,,
586217,,
587101,,
587102,,
587103,,
587112,,
587117,,
587119,,
587121,,
587122,,
587125,,
587154,,
587203,,
587204,,
587207,,
587301,,
587313,,
587314,,
587315,,
590001,,
590002,,
590003,,
590005,,
590006,,
590008,,
590009,,
590010,,
590011,,
590014,,
590015,,
590016,,
590017,,
591102,,
591108,,
591109,,
591111,,
591113,,
591126,,
591128,,
591131,,
591143,,
591201,,
591212,,
591213,,
591221,,
591224,,
591232,,
591237,,
591240,,
591243,,
591247,,
591248,,
591265,,
591304,,
591306,,
591310,,
591312,,
600001,,
600002,,
600003,,
600004,,
600005,,
600006,,
600007,,
600008,,
600010,,
600011,,
600012,,
600013,,
600014,,
600015,,
600016,,
600017,,
600018,,
600019,,
600020,,
600021,,
600023,,
600024,,
600026,,
600027,,
600028,,
600029,,
600030,,
600031,,
600032,,
600033,,
600034,,
600035,,
600036,,
600037,,
600039,,
600040,,
600041,,
600042,,
600043,,
600044,,
600045,,
600047,,
600048,,
600049,,
600050,,
600051,,
600052,,
600053,,
600054,,
600055,,
600056,,
600057,,
600058,,
600059,,
600060,,
600061,,
600062,,
600063,,
600064,,
600066,,
600067,,
600068,,
600069,,
600070,,
600071,,
600072,,
600073,,
600074,,
600075,,
600076,,
600077,,
600078,,
600079,,
600080,,
600081,,
600082,,
600083,,
600084,,
600085,,
600086,,
600087,,
600088,,
600089,,
600090,,
600091,,
600092,,
600093,,
600094,,
600095,,
600096,,
600097,,
600098,,
600099,,
600100,,
600101,,
600102,,
600103,,
600106,,
600107,,
600108,,
600109,,
600110,,
600112,,
600113,,
600114,,
600116,,
600117,,
600118,,
600119,,
600120,,
600128,,
600130,,
601102,,
601103,,
601201,,
601203,,
601204,,
601205,,
601206,,
601301,,
602001,,
602002,,
602003,,
602023,,
602024,,
602025,,
602026,,
602101,,
602105,,
602106,,
602107,,
602108,,
602109,,
602117,,
603001,,
603002,,
603103,,
603104,,
603108,,
603109,,
603112,,
603202,,
603203,,
603204,,
603209,,
603302,,
603306,,
603312,,
604001,,
604304,,
605001,,
605003,,
605004,,
605005,,
605007,,
605008,,
605009,,
605010,,
605011,,
605012,,
605013,,
605101,,
605102,,
605104,,
605106,,
605107,,
605110,,
605111,,
605201,,
605202,,
605301,,
605401,,
605502,,
605602,,
605652,,
605701,,
605752,,
606102,,
606207,,
606303,,
606601,,
606603,,
606604,,
606707,,
606708,,
606808,,
606906,,
607001,,
607002,,
607005,,
607101,,
607106,,
607108,,
607109,,
607203,,
607302,,
607402,,
607803,,
612001,,
612202,,
612503,,
612602,,
613001,,
613003,,
613004,,
613005,,
613006,,
613009,,
613104,,
613402,,
613403,,
613501,,
614103,,
614303,,
614401,,
614602,,
614615,,
614904,,
620001,,
620002,,
620003,,
620005,,
620006,,
620008,,
620009,,
620010,,
620012,,
620015,,
620017,,
620018,,
620020,,
620021,,
620026,,
620102,,
621002,,
621006,,
621008,,
621009,,
621010,,
621112,,
621207,,
621215,,
621218,,
621306,,
621651,,
621707,,
621708,,
621719,,
622104,,
622403,,
623603,,
623608,,
624001,,
624002,,
624003,,
624004,,
624401,,
624403,,
624619,,
624620,,
624706,,
624802,,
625001,,
625002,,
625003,,
625004,,
625005,,
625006,,
625007,,
625008,,
625009,,
625010,,
625011,,
625012,,
625014,,
625016,,
625017,,
625018,,
625020,,
625022,,
625107,,
625207,,
625301,,
625402,,
625532,,
625702,,
625706,,
625708,,
626101,,
626115,,
626122,,
626189,,
626203,,
627002,,
627007,,
627009,,
627011,,
627117,,
627751,,
628001,,
628002,,
628003,,
628008,,
628151,,
628907,,
629001,,
629002,,
629003,,
629175,,
629202,,
629301,,
629304,,
629851,,
630002,,
630408,,
630611,,
630702,,
631003,,
631052,,
631402,,
631501,,
631502,,
631601,,
631604,,
632001,,
632002,,
632004,,
632006,,
632007,,
632009,,
632013,,
632401,,
632403,,
632405,,
632503,,
632513,,
632520,,
632531,,
632602,,
635001,,
635002,,
635102,,
635103,,
635107,,
635109,,
635110,,
635113,,
635114,,
635117,,
635118,,
635119,,
635120,,
635121,,
635126,,
635301,,
635307,,
635601,,
635802,,
635853,,
635854,,
636001,,
636002,,
636003,,
636004,,
636005,,
636006,,
636007,,
636008,,
636009,,
636010,,
636011,,
636012,,
636013,,
636014,,
636015,,
636016,,
636030,,
636103,,
636113,,
636114,,
636115,,
636122,,
636139,,
636140,,
636201,,
636203,,
636204,,
636302,,
636304,,
636305,,
636306,,
636307,,
636308,,
636309,,
636351,,
636451,,
636453,,
636454,,
636455,,
636457,,
636501,,
636502,,
636704,,
636810,,
636811,,
636903,,
636905,,
637001,,
637002,,
637003,,
637020,,
637021,,
637102,,
637103,,
637202,,
637203,,
637207,,
637209,,
637212,,
637301,,
637303,,
637403,,
637404,,
637405,,
637406,,
637407,,
637409,,
637501,,
637502,,
637504,,
638001,,
638002,,
638003,,
638004,,
638005,,
638006,,
638008,,
638009,,
638011,,
638051,,
638052,,
638056,,
638101,,
638102,,
638103,,
638104,,
638105,,
638107,,
638108,,
638112,,
638115,,
638116,,
638151,,
638152,,
638183,,
638301,,
638312,,
638314,,
638315,,
638316,,
638452,,
638455,,
638459,,
638476,,
638501,,
638502,,
638660,,
638701,,
638751,,
638752,,
638812,,
639001,,
639002,,
639003,,
639004,,
639005,,
639006,,
639102,,
639114,,
639118,,
639119,,
639201,,
639205,,
641001,,
641002,,
641004,,
641005,,
641006,,
641007,,
641008,,
641009,,
641010,,
641011,,
641012,,
641013,,
641014,,
641015,,
641016,,
641017,,
641018,,
641019,,
641020,,
641021,,
641022,,
641023,,
641024,,
641025,,
641026,,
641027,,
641028,,
641029,,
641030,,
641031,,
641032,,
641034,,
641035,,
641036,,
641037,,
641039,,
641041,,
641043,,
641044,,
641045,,
641046,,
641048,,
641062,,
641101,,
641103,,
641104,,
641105,,
641107,,
641108,,
641109,,
641110,,
641111,,
641112,,
641113,,
641201,,
641301,,
641302,,
641305,,
641402,,
641406,,
641601,,
641602,,
641603,,
641604,,
641605,,
641606,,
641607,,
641608,,
641652,,
641653,,
641654,,
641655,,
641658,,
641659,,
641662,,
641663,,
641664,,
641665,,
641666,,
641667,,
641668,,
641670,,
641671,,
641687,,
641697,,
642001,,
642002,,
642003,,
642004,,
642006,,
642103,,
642104,,
642109,,
642110,,
642120,,
642123,,
642129,,
642202,,
642205,,
643202,,
670001,,
670002,,
670006,,
670007,,
670008,,
670010,,
670011,,
670012,,
670101,,
670104,,
670141,,
670301,,
670307,,
670502,,
670595,,
670645,,
670662,,
670663,,
670673,,
670702,,
670741,,
671122,,
671541,,
673001,,
673002,,
673003,,
673004,,
673005,,
673006,,
673007,,
673008,,
673009,,
673011,,
673012,,
673014,,
673016,,
673017,,
673019,,
673021,,
673027,,
673032,,
673101,,
673102,,
673104,,
673105,,
673121,,
673305,,
673308,,
673309,,
673310,,
673315,,
673505,,
673506,,
673508,,
673517,,
673521,,
673522,,
673541,,
673571,,
673572,,
673586,,
673602,,
673612,,
673613,,
673614,,
673620,,
673631,,
673632,,
673633,,
673636,,
673637,,
673638,,
673639,,
673641,,
673655,,
676101,,
676102,,
676105,,
676108,,
676121,,
676122,,
676123,,
676301,,
676302,,
676303,,
676304,,
676305,,
676306,,
676307,,
676309,,
676502,,
676503,,
676504,,
676505,,
676506,,
676508,,
676509,,
676510,,
676521,,
676525,,
676541,,
676551,,
676553,,
678001,,
678002,,
678004,,
678006,,
678007,,
678009,,
678013,,
678014,,
678015,,
678102,,
678501,,
678506,,
678510,,
678541,,
678551,,
678555,,
678556,,
678557,,
678582,,
678583,,
678592,,
678593,,
678601,,
678621,,
678622,,
678623,,
678632,,
678701,,
678704,,
678731,,
679101,,
679303,,
679313,,
679321,,
679322,,
679324,,
679325,,
679329,,
679336,,
679339,,
679341,,
679357,,
679502,,
679504,,
679521,,
679522,,
679534,,
679535,,
679536,,
679571,,
679575,,
679576,,
679580,,
679591,,
680001,,
680002,,
680003,,
680004,,
680006,,
680010,,
680014,,
680020,,
680021,,
680102,,
680302,,
680306,,
680307,,
680308,,
680317,,
680501,,
680503,,
680506,,
680518,,
680519,,
680523,,
680541,,
680546,,
680561,,
680581,,
680582,,
680585,,
680586,,
680590,,
680601,,
680618,,
680651,,
680664,,
680665,,
680683,,
680697,,
680712,,
680721,,
680722,,
680732,,
680751,,
682001,,
682002,,
682005,,
682006,,
682008,,
682011,,
682013,,
682015,,
682016,,
682017,,
682018,,
682019,,
682020,,
682021,,
682024,,
682025,,
682026,,
682028,,
682030,,
682032,,
682033,,
682034,,
682035,,
682036,,
682037,,
682038,,
682040,,
682301,,
682302,,
682304,,
682305,,
682306,,
682307,,
682308,,
682309,,
682310,,
682311,,
682312,,
682313,,
682314,,
682315,,
682316,,
682502,,
682505,,
682506,,
682507,,
682508,,
682509,,
682511,,
683101,,
683102,,
683104,,
683105,,
683106,,
683109,,
683110,,
683112,,
683501,,
683503,,
683511,,
683513,,
683515,,
683518,,
683522,,
683541,,
683542,,
683543,,
683544,,
683545,,
683547,,
683553,,
683556,,
683561,,
683562,,
683563,,
683565,,
683572,,
683573,,
683574,,
683576,,
683577,,
683579,,
683585,,
685515,,
685553,,
685561,,
685584,,
685585,,
685586,,
685612,,
686001,,
686003,,
686004,,
686005,,
686006,,
686008,,
686012,,
686016,,
686019,,
686020,,
686101,,
686102,,
686103,,
686105,,
686106,,
686121,,
686141,,
686143,,
686502,,
686506,,
686507,,
686512,,
686531,,
686540,,
686541,,
686542,,
686547,,
686555,,
686562,,
686564,,
686574,,
686575,,
686577,,
686578,,
686582,,
686604,,
686605,,
686606,,
686612,,
686613,,
686636,,
686651,,
686661,,
686662,,
686663,,
686669,,
686670,,
686671,,
686674,,
686691,,
688001,,
688003,,
688005,,
688007,,
688011,,
688013,,
688521,,
688522,,
688524,,
688526,,
688528,,
688531,,
688532,,
688534,,
688537,,
688538,,
688539,,
688542,,
688555,,
688561,,
689101,,
689115,,
689501,,
689573,,
689591,,
689622,,
689625,,
689626,,
689641,,
689645,,
689646,,
689647,,
689649,,
689650,,
689653,,
689667,,
689668,,
689672,,
689678,,
689691,,
690104,,
690502,,
690507,,
690510,,
690514,,
690520,,
690521,,
690522,,
690523,,
690548,,
690572,,
690573,,
691001,,
691004,,
691005,,
691008,,
691010,,
691014,,
691301,,
691334,,
691501,,
691505,,
691506,,
691507,,
691508,,
691512,,
691522,,
691523,,
691533,,
691554,,
691557,,
691559,,
691571,,
691572,,
691576,,
691582,,
691590,,
691601,,
695002,,
695003,,
695004,,
695006,,
695008,,
695009,,
695010,,
695011,,
695013,,
695014,,
695015,,
695020,,
695023,,
695024,,
695026,,
695028,,
695029,,
695032,,
695034,,
695036,,
695101,,
695102,,
695122,,
695125,,
695143,,
695146,,
695301,,
695306,,
695310,,
695311,,
695501,,
695502,,
695543,,
695561,,
695564,,
695581,,
695584,,
695601,,
695607,,
700001,,
700002,,
700003,,
700004,,
700005,,
700006,,
700007,,
700008,,
700009,,
700010,,
700011,,
700012,,
700013,,
700014,,
700015,,
700016,,
700017,,
700018,,
700019,,
700020,,
700022,,
700023,,
700024,,
700025,,
700026,,
700027,,
700028,,
700029,,
700030,,
700031,,
700032,,
700033,,
700034,,
700035,,
700036,,
700039,,
700040,,
700041,,
700042,,
700043,,
700044,,
700045,,
700046,,
700047,,
700048,,
700049,,
700052,,
700053,,
700054,,
700055,,
700056,,
700057,,
700059,,
700060,,
700061,,
700063,,
700064,,
700065,,
700066,,
700067,,
700068,,
700069,,
700070,,
700071,,
700072,,
700073,,
700075,,
700076,,
700077,,
700078,,
700079,,
700080,,
700081,,
700082,,
700083,,
700084,,
700085,,
700086,,
700087,,
700088,,
700089,,
700090,,
700091,,
700092,,
700093,,
700094,,
700096,,
700098,,
700099,,
700100,,
700101,,
700102,,
700103,,
700104,,
700105,,
700106,,
700107,,
700108,,
700110,,
700112,,
700115,,
700118,,
700119,,
700120,,
700121,,
700122,,
700124,,
700125,,
700126,,
700128,,
700129,,
700130,,
700132,,
700135,,
700136,,
700139,,
700140,,
700141,,
700142,,
700144,,
700145,,
700147,,
700149,,
700150,,
700151,,
700152,,
700153,,
700154,,
700156,,
700157,,
700159,,
711101,,
711102,,
711103,,
711104,,
711105,,
711106,,
711107,,
711108,,
711109,,
711112,,
711113,,
711114,,
711201,,
711202,,
711203,,
711204,,
711226,,
711227,,
711302,,
711303,,
711307,,
711308,,
711313,,
711315,,
711316,,
711322,,
711404,,
711409,,
711411,,
712101,,
712102,,
712123,,
712146,,
712149,,
712201,,
712203,,
712223,,
712232,,
712234,,
712235,,
712248,,
712249,,
712258,,
712306,,
712310,,
712311,,
712404,,
712405,,
712409,,
712410,,
712702,,
713101,,
713102,,
713103,,
713125,,
713143,,
713148,,
713201,,
713203,,
713204,,
713205,,
713211,,
713212,,
713213,,
713216,,
713301,,
713302,,
713303,,
713304,,
713315,,
713321,,
713325,,
713330,,
713335,,
713340,,
713343,,
713358,,
713360,,
713362,,
713373,,
713406,,
713501,,
721134,,
721140,,
721152,,
721301,,
721424,,
721501,,
721625,,
721627,,
721631,,
721636,,
721651,,
722202,,
723162,,
731204,,
731214,,
731238,,
732102,,
732125,,
732126,,
733207,,
734001,,
734003,,
734004,,
734005,,
734006,,
734007,,
734008,,
734010,,
734015,,
734405,,
735101,,
735133,,
735135,,
735222,,
736135,,
737101,,
737111,,
741101,,
741154,,
741222,,
741235,,
741245,,
741507,,
742148,,
743126,,
743127,,
743128,,
743133,,
743136,,
743145,,
743166,,
743248,,
743252,,
743262,,
743263,,
743290,,
743318,,
743329,,
743345,,
743372,,
743377,,
743411,,
743422,,
743423,,
743426,,
743502,,
743503,,
743513,,
743702,,
751001,,
751002,,
751003,,
751004,,
751005,,
751006,,
751007,,
751009,,
751010,,
751012,,
751013,,
751014,,
751015,,
751016,,
751017,,
751018,,
751019,,
751020,,
751021,,
751024,,
751030,,
752017,,
752020,,
752054,,
752055,,
752060,,
752063,,
752077,,
752101,,
752102,,
752115,,
753001,,
753002,,
753003,,
753004,,
753006,,
753008,,
753009,,
753010,,
753011,,
753012,,
753013,,
753014,,
753015,,
754001,,
754006,,
754018,,
754021,,
754024,,
754029,,
754112,,
754141,,
754142,,
754153,,
754228,,
755011,,
755019,,
755026,,
756124,,
758035,,
758036,,
758078,,
759001,,
759013,,
759014,,
759015,,
759123,,
759128,,
760001,,
760002,,
760003,,
760010,,
761100,,
761107,,
765017,,
768001,,
768002,,
768005,,
768016,,
768113,,
768201,,
769001,,
769002,,
769004,,
769012,,
769015,,
770001,,
770017,,
781001,,
781003,,
781005,,
781006,,
781007,,
781008,,
781009,,
781011,,
781014,,
781015,,
781016,,
781017,,
781018,,
781019,,
781020,,
781022,,
781024,,
781026,,
781029,,
781034,,
781036,,
781037,,
781038,,
781101,,
781325,,
781381,,
782141,,
784104,,
785001,,
788701,,
788734,,
797103,,
797112,,
800001,,
800002,,
800003,,
800004,,
800006,,
800007,,
800008,,
800009,,
800010,,
800011,,
800012,,
800013,,
800014,,
800016,,
800018,,
800020,,
800023,,
800024,,
800025,,
800026,,
800027,,
800111,,
801102,,
801105,,
801109,,
801110,,
801113,,
801118,,
801502,,
801503,,
801505,,
802101,,
802157,,
802204,,
802301,,
803101,,
803110,,
803111,,
803201,,
803212,,
803221,,
803302,,
804408,,
804425,,
804453,,
805103,,
805104,,
805110,,
805124,,
805128,,
805130,,
811101,,
811211,,
811213,,
811305,,
811308,,
811316,,
812002,,
814133,,
815301,,
815313,,
815316,,
815318,,
821104,,
821108,,
821303,,
822111,,
823001,,
823002,,
823003,,
823005,,
824201,,
824207,,
824231,,
824232,,
824233,,
825103,,
825301,,
825314,,
825325,,
825405,,
825406,,
825408,,
826001,,
826004,,
828106,,
828109,,
828111,,
829144,,
829205,,
831001,,
831004,,
831006,,
831007,,
831009,,
831011,,
831012,,
831013,,
831014,,
831015,,
831017,,
831018,,
832105,,
832108,,
832109,,
832110,,
832401,,
833201,,
834001,,
834002,,
834003,,
834004,,
834005,,
834008,,
834009,,
835103,,
835202,,
835210,,
835214,,
835215,,
835217,,
835219,,
835222,,
835303,,
841101,,
841214,,
841226,,
841239,,
841301,,
841418,,
841425,,
841427,,
842001,,
842002,,
842003,,
842004,,
842005,,
843103,,
843104,,
843109,,
843110,,
843111,,
843118,,
843120,,
843132,,
843302,,
843321,,
843324,,
843329,,
843331,,
843334,,
844101,,
844102,,
844121,,
844122,,
844126,,
844127,,
844506,,
845401,,
845415,,
845417,,
845418,,
845426,,
845433,,
845435,,
845450,,
845453,,
845455,,
845458,,
846002,,
846004,,
846007,,
847103,,
847224,,
847226,,
847234,,
847304,,
847306,,
847404,,
848101,,
848117,,
848134,,
848201,,
848203,,
848204,,
848209,,
848213,,
848302,,
851101,,
851127,,
851128,,
851129,,
851130,,
851131,,
851211,,
851218,,
851219,,
852116,,
852127,,
852130,,
852161,,
854311,,
854325,,
854330,,
854333,,
855101,,
855105,,
855114,,
855115,,
855117,,
